a,A
abacus,abakus
abate,abat
abbot,abot
abbreviation,abrevea$
abdomen,abdoMN
Aberdeen,abRDen
abhor,abhor
abide,abid
ability,ab:l
able,abl
able to see,ablze
abnormal,abnorml
abode,abod
abolition,abole$
abominable,aboMNb
about,ab
about my,abmi
about that time,ab(aDM
about the time,ab(DM
about this,ab(s
about which,abc
above,abuv
Abraham,abrham
abridged,abrejd
abrupt,abrpt
absent,absNT
absolute,abzolut
abstain,absTN
abstract,abstrk
abundant,abnTNt
abusive,abeuv
abysmal,abezml
Abyssinia,abeznea
academy,akaDMe
accelerate,akzelrat
accentuate,akseNTeut
access,ak5
accessory,ak5re
acclaim,aklam
accolade,akolad
accompany,akp
accomplishment,akpl$m
accordion,akoRDn
accountability,akNTb:l
accumulate,akeum:u
accurate,akrat
accuse,akeu
ace,as
acetone,aseton
achieve,acev
acid,ased
acknowledge,ak
acme,akme
acorn,akorn
acquainted,akwaNTd
acquit,akwet
acrid,akred
across the,akroz(
acted,ak:t
action,ak$
activity,akvte
actress,ak:rez
actually,aktle
acute,akeut
adage,adj
Adams,aDMz
add,ad
adder,adr
addition,ad$
addresses,adre5
adductor,aduk:r
adept,adept
adequately,adeke
adieu,adu
adjective,ajkv
adjourn,ajern
adjust,ajust
administration,adMNeztra$
admiration,admra$
admission,adm$
admittedly,admeTDe
adolescent,adlezNT
adopt,adopt
adore,ador
adrenal,adrenl
adrift,adreft
adulation,ad:u$
adulterate,adutrat
advance,advanz
advantage,av
adventure,advNTr
adversary,adverzare
advertisement,avtm
advisory,advisre
adze,adz
aeon,eon
affable,afb
affection,afk$
affinity,afenete
affix,afex
affluent,afluNT
Afghanistan,afgnezTN
aforementioned,afMN$:t
Africa,afreka
after that,aft(a
after the,aft(
after which,aftc
afterlife,aflif
afternoon,afnun
afterward,af:d
against,agnz
Agatha,aga(a
ageless,ajl
agenda,aJDa
aggravte,agrvat
agile,ajel
aging,ajq
Agnes,agnez
ago,ag
agree,agre
agriculture,agrikutr
ahoy,Ahoe
aided,aTD
ail,al
aiming,amq
Ainsworth,anzuu(
Airdree,aRDre
airport,arpot
airy,are
akimbo,akembo
Alabama,ala
Alan,alan
alarmist,alarmez
Alaska,alazka
Albany,obne
Albert,albrt
albino,albino
album,albm
alchemy,alkeme
alcohol,alkhol
ale,al
alert,alert
Alexandria,alezaNTrea
Alfred,alfred
algebra,alj
Algernon,aljernon
alias,aleaz
Alicia,ale$ea
alignment,alin~m
alive,aliv
all,o%
all night,onit
all right,ori
allay,ala
Allen,alen
allergic,alrjk
alley,ale
allied,alid
Allison,alsn
allow,al
allspice,o%zpiz
ally,ali
almond,aMNd
alms,amz
aloft,aloft
along,alNG
aloof,aluf
alpha,alfa
alphabetize,alfis
also,ozo
alter,otr
alternative,otenaDV
altogether,otuge(
aluminum,aluMNum
always been,olzbn
am,m
amaranth,amran(
amateur,amatr
Amazon,amazn
ambassadorial,ambazdrl
ambiguous,ambgus
Ambrose,ambroz
Amelia,amelea
amend,aMN
American,am~n
Ames,amz
amiable,ameb
amidships,amed:$s
ammonia,aMNea
amnesia,am~ne$ea
among,mNG
amount,aMNt
amphibian,amfebn
Amsterdam,amstrDM
amuse,amus
an,A
anagram,an:g
analysis,anl5
anatomy,anaDMe
anchor,aNKr
and,NT
and have,NTv
and I am,NTam
and I was,NTaoz
and its,NTz
and our,NTr
and see,NTze
and their,NT)
and was,NToz
and will,NTl
and will not,NTln
Andrews,aNTrus
anemia,anemea
angel,anjel
anger,aNGr
angler,aNGlr
Anglo-Saxon,aNGlosaXn
angrily,aNGry
angstrom,aNGstrm
Angus,aNGus
animation,anem$
ankle,aNKl
Anna,ana
annex,aneX
anniversary,anev
annoy,anoe
annual,anl
annulled,anuLD
anoint,anoeNT
anonymous,anonemus
ant,aNT
antarctic,NTarktek
antenna,anTNa
anthology,an(ol
anthropology,an(rpol
antidote,NTedot
antiquated,NTekwaTD
antiseptic,NTzeptek
Antwerp,aNTwerp
anvil,anvl
anxious,aNG$us
any day,neda
any more,nem
any other,neu(
any way,neua
anybody else,nebolz
anything,ne(q
anywhere,nar
apartment,aptm
aphid,afed
apocalypse,apklepz
apology,apol
apostle,apozl
appalling,apolq
appear,aper
appease,apez
appendage,aPTj
appetite,aptit
applause,aploz
Appleton,aplTN
applicable,aplekb
apply,apli
apportionment,apor$m
appreciable,apre$b
apprehend,apreNT
apprenticeship,apreNTez:$
appropriate,aprpreat
approve,aprv
apricot,aprekot
apron,aprn
aquamarine,akwamaren
aquatic,akwatek
Arabia,arabea
Arabic,arabk
arbitrary,arbtrre
arbor,arbr
arcade,arkad
archangel,arkanjel
archer,arcer
archipelago,arkpelago
arctic,arktek
ardor,aRDr
are not,rn
are you,ru
areas,areaz
argon,argn
arid,ared
arises,ari5
arithmetic,are)
Arkansas,ark
armadillo,armadelo
Armenian,arMNean
armistice,armeztez
arms,armz
army,arme
Arnold,arnoLD
arpeggio,arpejo
arrange,aranj
arrest,arez
arriving,arivq
arrowhead,arohed
arsenic,arsnek
art,art
arthritis,ar)ri
article,art:k
artificial,arDVe$
Aryan,arean
as far,asfar
as if,asef
as it is,astz
as long,aslNG
as per,azpr
as soon as possible,snzp
as that,as(a
as there,as)
as these,as(es
as they are,as(er
as to,astu
as to the,astu(
as you are,asur
as you did,asuTD
as you know,asuno
as you might,asumit
as you say,asusa
as you will see,asulze
asbestos,azbeztoz
ascendant,asen~NT
ascribe,askrib
ashamed,a$aMD
Ashley,a$le
Ashton,a$TN
Asiatic,aseatek
ask,ask
ask them,ask(m
asleep,azlep
aspen,azpn
asphyxiate,asfexeat
aspire,azpir
assailant,azalaNT
assault,asolt
assemble,asemb
assess,a5
assign,asin
Associated Press,a*p
assorted,asoTD
assumption,asm$
Assyrian,azarean
asterisk,astrezk
asthma,asma
astound,astNT
astrology,astrol
astroturf,astroterf
at,t
at a time,tDM
at last,tlaz
at present,tpr
at that,t(a
at the,t(
at these,t(es
atheist,a(e:st
Athens,a(enz
Atkins,atkenz
Atlantic,atlaNT
atone,aton
attack,atak
attend,aTNd
attic,atek
attorney,atene
attractive,atrkv
auburn,obrn
auction,ok$
audited,oTD~TD
auditorium,oTDrem
August,og
aura,ora
auspices,ozpe5
Australia,ostralea
authentic,o)eNT
authorize,o)riz
automobile,oDMb
autumnal,oDM~nl
avenue,avnu
aviation,avea$
avoid,avoed
awake,Auak
awash,$uo$
awe,o
awestruck,ostrk
awkward,ok:d
awning,onq
axe,aks
azimuth,asmu(
azure,a$ur
baby,babe
back,bak
backgammon,bakgaMN
backward,bak:d
bacteria,bakterea
badly,bade
bail,bal
bake,bak
baker,bakr
balance,balanz
bald,baLD
ball,bol
ballot,balot
bamboo,bambu
banal,banl
band,baNT
bang,baNG
bank,baNK
bankruptcy,baNKrptze
bar,bar
Barbara,barbra
barbecue,barbkeu
bard,baRD
barely,bare
barge,barj
barn,barn
baron,barn
barren,barn
base,baz
basement,bazm
basic,bazk
basin,bazn
bask,bazk
bass,baz
bat,bat
bath,ba(
battery,batre
Baxter,baXtr
bayou,biu
be,b
be done,bdn
bead,bed
bean,ben
beard,beRD
bears,barz
beat,bet
Beaumont,boMNt
beauty,beute
became,bkam
become,bkm
bedfellow,bedfelo
beef,bef
been able,ba
beeswax,bezuax
before,bf
before the,bf(
beg,beg
beggar,begr
beginning,bgenq
begonia,bgnea
behalf,bhaf
behavior,bhavr
behold,bhoLD
being able,baq
Belfast,belfast
belief,be
believe,be
bellows,beloz
belonged,blNGd
below,blo
Bemidji,bemje
bend,beNT
benefit,bnfet
bent,beNT
bereaved,brevd
berry,bere
beseech,bzec
besides,bziz
bet,bet
better,btr
between the,bTN(
bevel,bevl
bewail,bwal
bewitch,bwec
biannual,banl
Bible,bib
bibliographical,beblograf:k
biceps,bzepz
bid,bed
bifocal,bifkl
bigger,bgr
bile,bil
bill of sale,blzal
Billings,bel:z
billionaire,belnar
bind,biNT
binocular,binoklr
biologist,b%ol:st
biopsy,biopze
birch,brc
Birmingham,brm:m
birthday,br)da
biscuit,bezket
bison,bizn
bit,bet
bitten,beTN
bitumen,btuMN
bizarre,bezar
blackberry,blakbere
blacksmith,blaksme(
Blair,blar
bland,blaNT
blanket,blaNKet
blasphemy,blazfeme
bleach,blec
bleed,bled
bless,blez
blew,blu
blink,bleNK
bloat,blot
blog,blog
blood,blud
bloom,blum
blow,blo
blown,blon
bluff,bluf
blur,bler
boa,boa
board,boRD
boat,bot
Bob,bob
bog,bog
Bohemian,bohemean
boiler,boelr
bold,boLD
Bolivia,bolevea
bolt,bolt
bonanza,bonanza
bond,boNT
bone,bon
bonus,bonus
book,buk
bookkeeper,bukp:r
boom,bum
boot,but
bootleg,butleg
booty,bute
Bordeaux,boRDo
bore,bor
born,born
borrow,boro
boss,boz
botch,boc
bother,bo)
bottom,boDM
bounce,bnz
bounty,bnte
bow [bo:],bo
box,boX
boxer,boXer
boy,boe
boysenberry,boeznbere
braces,bra5
brag,brag
brain,bran
bran,bran
brand,braNT
brash,bra$
brave,brav
breach,brec
breadth,bred(
breakfast,brekfas
breath,bre)
breeder,bredr
bremsstrahlung,bremstralNG
brevity,brevte
brewery,brure
bribe,brib
bricklayer,breklar
bridge,brej
briefly,brefe
bright,brit
Brighton,briTN
brilliantly,breleaNTe
brine,brin
brink,breNK
Briton,breTN
broad,brod
broccoli,brokle
broil,broel
broken,brokn
bromine,broMN
brook,bruk
broth,bro)
brow,brau
browse,braus
brunette,brunet
Brussels,bruslz
Bryant,brioNT
buck,buk
buckle,bukl
buckwheat,bukhuet
Buddha,buda
budget,bjt
bug,bug
build,beLD
built,belt
bulbs,bulbz
bulk,bulk
bullet,bulet
bullfrog,bulfrog
bum,bm
bumpy,bmpe
bung,bNG
bunker,bNKr
Burbank,brbaNK
bureau,beuro
burlap,brlap
burned,brNT
burning,brnq
burro,bro
burst,brzt
bus,bus
business,bz
bust,bust
but,bt
butt,but
buttock,butok
buttress,butrez
buyer,bir
buzzer,busr
by all means,bomenz
by its,btz
by no means,bnomenz
by that time,b(aDM
by the way,b(ua
by which,bc
bypass,bpaz
byword,bueRD
cab,kab
cabbage,kabj
cabinet,kabnet
caboose,kabus
cache,ka$
cackle,kakl
cactus,kaktus
cadet,kaTD
Caeser,5r
cafeteria,kafterea
cage,kaj
cajole,kajol
cakes,kaks
calcify,kalzf
calculate,kalk:u
calendar,kaleNTr
Calhoun,kalhun
calico,kaleko
caliper,kalepr
call,kol
called,koLD
calligraphy,kalegrafe
callous,kalus
calm,kam
caloric,kalrk
Calvary,kalvre
Camden,kamTN
camel,kaml
cameo,kameo
camomile,kaMNil
camp,kamp
camper,kampr
campus,kampus
can be,kb
can have,kv
can you,ku
can't be,ktb
Canada,kan
canary,kanre
candid,kanTD
candle,kaNTl
candor,kaNTr
cane,kan
canker,kaNKr
cannibal,kanebl
cannot,kn
cannot have,knv
canoe,kanu
canopy,kanope
cantata,kaNTata
canter,kaNTr
capability,kapb:l
cape,kap
capital,kaptl
capitalize,kaptliz
capsize,kapziz
captain,kapTN
captivate,kapDVat
capture,kaptr
caramel,karaml
caravan,karavn
carbine,krbid
carbonate,krbnat
carbuncle,krbNKl
card,kaRD
cardiac,kaRDeak
cardinal,kaRDenl
care,kar
careful,karf
careless,karl
cargo,kargo
caricature,karekatr
carillon,karln
carmine,krMN
carnal,krnl
carnival,krnevl
carotid,kroTD
carpenter,krPTr
carriage,karj
carrion,karn
carry,kare
cartel,krtl
cartography,krtografe
case,kas
cash,ka$
cask,kask
cassia,kasea
castle,kasl
casual,ka$ul
catalog,katlog
Catawba,katoba
catcher,kacer
cater,katr
catfish,katfe$
cattle,katl
cause,koz
causes,ko5
caution,ko$
cave,kav
cease,ses
cedar,sedr
celery,zelre
cement,seMNt
cent,seNT
central,seNTrl
cereal,zerl
certain,zerTN
cesspool,3pul
chain,can
chair,car
chamber,cambr
champion,campn
chances,can5
changed,canjd3
changing,canjq
chaos,kaoz
chapter,captr
character,kak
charged,carjd
Charleston,carlzTN
charm,carm
chart,cart
chateau,$ato
cheap,cep
cheapest,cepez
check,cek
checker,cekr
cheer,cer
chef,$ef
chemical,kem:k
cherry,cere
chest,cest
Cheyenne,$ion
chief,cef
chili,cele
chime,cim
China,cina
chip,cep
chisel,cesl
chloride,klorid
chlorophyll,klorfel
choire,kwir
cholera,kolra
chop,cop
chose,coz3
Christian,krezcn
chronicle,kron:k
chum,cm
chunk,cNK
Churchill,cercel
cider,sidr
cinnamon,senaMN
circumstance,z:sTNz
citizen,setsn
claims,klamz
Clara,klara
class,klaz
clauses,klo5
Clayton,klaTN
cleaning,klenq
Clementine,kleMNTN
clerks,klerks
climatic,klimatek
climb,klim
clocks,kloks
closes,klo5
clothing,klo)q
clouds,klaudz
club,klb
coach,koc
coast,kozt
coax,koX
Cody,kode
coherent,kohereNT
coin,koen
cold,koLD
college,kolej
collimator,kolematr
colon,koln
color,kolr
colt,kolt
coma,kma
comb,kom
combatant,kbaTNt
combination,kbn$
combust,kbus
come,km
comedy,kmede
comet,kmet
comfortable,kftb
comforted,kfTD
comic,kmek
comma,kma
commandeer,kman:er
commandingly,kman:e
commemorate,kMNrat
commemoration,kMNra$
commence,kMNz
commencement,kMNzm
commendable,kMNdb
commended,kMNTD
comment,kMNt
commentator,kMNtatr
commerce,kmerz
commercialism,kmer$sm
commission,km$
committee,kmete
commonly,kMNe
company,kp
comparison,kparsn
compassion,kpa$
compete,kpet
complain,kplan
complete,kplet
complicate,kplek
conceal,kzel
concoct,kkk
condition,kd$
confidence,kf
confirm,kferm
connect,knek
conquer,kkr
consist,k5s
Constantinople,ksTNTNopl
construct,kstrk
contest,ktez
contort,ktot
control,ktrol
convert,kvert
convoy,kvoe
cool,kul
Copenhagen,kopnhagn
copper,kopr
cord,koRD
core,kor
Corinthian,koren(ean
corn,korn
Corning,kornq
corrupt,korpt
cosmic,kozmek
Costa Rica,kozta reka
cotton,koTN
Couer d'Alene,krdalen
could,kd
could have,kdv
could not,kdn
could not understand,kdn:sTN
couple,kupl
courses,kor5
cove,kov
cover,kv
crab,krab
cracked,krakt
Craig,krag
cranberry,kranbere
crane,kran
crater,kratr
crazy,kraze
cream,krem
create,kreat
creed,kred
creep,krep
crescent,krez~NT
crew,kru
cried,krid
crisis,kri5
croak,krok
Cromwell,kromwel
cross,kroz
crow,kro
crucial,kr$
crumb,krm
crush,kr$
cry,kri
cryptography,kreptografe
Cuba,keuba
cuckoo,kuku
culture,kutr
Cummings,km:z
cups,kupz
curb,krb
curler,krlr
curse,krz
curtain,krTN
curve,krv
cut,kut
cyanide,sionid
cyclops,siklopz
cylinder,zeleNTr
cypress,ziprez
czar,zar
Czechoslovakia,cekozlovakea
dad,dad
daft,daft
dahlia,dalea
dainty,daNTe
daisy,daze
dam,dam
damaged,DMjd
damnation,dam~n$
damp,damp
dancing,danzq
dandruff,TNdruf
danger,TNjer
dangle,daNGl
dank,daNK
dapple,dapl
dare,dar
darken,darkn
darkest,darkes
darkness,darknez
dart,dart
dashboard,da$boRD
data,data
dated,TD~d
datum,daDM
daunt,doNT
Dave,dav
Davis,daves
dawned,doNT
day and night,danit
daybook,dabuk
daydream,dadrem
days,daz
daytime,daDM
dazzlingly,dazl:e
deadly,TDe
deafen,defn
deal,del
dealings,del:z
dear,der
Dear Miss,DMes
Dear Mrs.,DMrz
Dear Sirs,dzz
death,de(
debate,dbat
debt,TD
decay,deka
December,dez
decide,dzi
decidedly,dzi:te
decisions,dse$s
decline,deklin
deduct,TDuk
deed,ded
deep,dep
deer,der
defame,DVam
defend,DVNT
defer,DVer
deferential,DVeren$
deferred,DVeRD
defiant,DVioNT
deficient,DVe$t
defiled,DViLD
definite,DVnet
definition,DVn$
deflate,DVlat
deflected,DVlek:t
deforestation,DVorez$
deformation,DVm$
deformity,DVmete
defray,DVra
deft,deft
defunct,DVNK
degeneracy,djenrze
degradation,degrad$
degraded,degraTD
dehydrate,dhidrat
deify,def
deism,desm
deity,dete
dejection,djk$
delay,dla
delays,dlaz
delegate,dleg
delegation,dleg$
deleted,dleTD
deliberate,dlebrat
deliberative,dlebraDV
delicate,dlek
delicatessen,dlekesn
deliciously,dle$use
delightful,dlitf
delimit,dlemet
delineated,dleneaTD
deliver,dl
delta,delta
delve,delv
democracy,DMokrze
demon,deMN
denial,TNiol
density,TNzte
dental,TNtl
depart,dpt
departmental,dptml
deplorable,dplrb
depot,dpo
depth,dep(
derive,driv
description,dzkrep$
deserve,dzerv
desire,dz
desires,dzz
desks,dezks
detail,TDal
deter,TDer
develop,DVelp
devote,DVot
diagram,di:g
dice,diz
did,TD
did you,TDu
die,di
different,DVreNT
digit,djt
dim,dem
dimension,DMen$
dinosaur,dinozor
dipper,depr
dirt,dert
disability,dzab:l
disagree,dsagre
disappoint,dzapoeNT
disarray,dzara
disbursed,dzbrzt
disclose,dzkloz
discouraged,dzkrjd
discuss,dzkus
dish,de$
disk,dezk
dismayed,dzmad
dismiss,dzmez
disobedient,dzobTNt
disorder,dzod
dispel,dzpl
display,dzpla
dissent,dseNT
dissolved,dzolvd
distract,dztrk
ditto,TDo
diverse,DVerz
divine,DVin
do,du
do not,dun
do not understand,dun:sTN
do the,du(
do you know,duuno
do you think,duu(q
do you want,duuNT
dodo,dodo
does,dus
does not have,dusnv
dog,dog
doll,dol
domain,doMN
domestic,DMestek
dominance,doMNanz
dominate,doMNat
Don,don
don't have,doNTv
doomed,duMD
dope,dop
dosimetry,dozmetre
dote,dot
dough,do
Dover,dovr
down time,dnDM
doze,doz
drab,drab
drafty,drafte
dragon,dragn
dragoon,dragun
drainpipe,dranpip
dram,dram
dramatic,dramatek
drank,draNK
drapery,drapre
draw,dro
Dresden,drezTN
dresses,dre5
drier,drior
drink,dreNK
drive,driv
drove,drov
drum,drm
dry,dri
dual,dul
duck,duk
duckweed,dukued
ductile,duktl
due,du
duel,dul
dug,dug
dugout,dugau
dulcimer,dulsmr
dullard,dulRD
dullest,dulez
dummy,dme
dumpling,dmpleNG
dunce,dnz
dungarees,dNGarez
dunned,dNT
duplicate,duplek
duplicator,duplek:r
durability,drb:l
duration,dra$
Durham,duram
during the last,drlaz
dusky,duske
dusty,duste
duty,dute
dwell,dwel
dwindled,dweNTLD
dynamite,dinamit
dynasty,dinazte
dyspeptic,dzpeptek
each,ec
each one,ecun
eager,egr
eagle,egl
earlier,erer
earn,ern
ease,es
easily,esy
Easter,estr
eat,et
eBay,eba
ecstasy,estze
eddy,ede
edges,ejs
Edmonton,edMNTN
eerie,ere
efficiency,efe$e
efficiently,efe$te
egg,eg
egotistical,egotezt:k
Egyptian,ejep$
ejaculate,ejak:u
elastic,elaztek
elder,eLDr
elect,elek
electrical,el:kl
electrician,el:$
electrify,el:f
electrocution,el:k$
electrolytic,el:letek
electron,el:n
electroplate,el:plat
elegant,elegNT
element,elem
elephant,elfNT
elevation,elva$
elf,elf
elide,elid
eligible,elejb
elimination,eleMN$
Elizabethan,elezb(an
ellipsis,elep5
elm,elm
elope,elop
elsewhere,lzar
elude,elud
emaciated,emaseaTD
emanate,eMNat
emasculate,emazk:u
embankment,mbaNKm
embarrass,mbaraz
ember,mbr
emergency,emerjnze
emit,emet
empire,mpir
emu,emu
enclose,nk
endless,NTl
endothermic,NTo)emek
enema,enema
engine,njn
enjoy,njoe
enter,n%
entrainment,NTran~m
eon,eon
epithermal,ep(eml
equinox,ekwenoX
era,era
Eritrea,eretrea
error,err
Eskimo,eskemo
Esperanto,ezpraNTo
essential,esn$
estate,est
etch,ec
etchings,ec:z
eternally,eteny
ethane,e(an
ether,e)
ethereally,e)erl
ethically,e(ke
ethnology,e(nol
etiquette,eteket
etymology,eDMol
Eucharist,eukrez
Euclid,eukled
eulogize,euljis
euphemism,eufmsm
euphonious,eufnus
Eurasian,eura$n
Europe,eurp
eutectic,eutektek
even,evn
event,evNT
ever since,evsenz
every day,eveda
everybody else,evbolz
everything else,ev(qlz
evolve,evolv
ewer,eur
exceed,esed
except,ezept
exceptionally,ezep$y
exciting,esitq
exclude,esklud
exercise,ezerziz
exhibit,ezebt
exist,eses
exothermic,eso)emek
expel,ezpl
expenses,ezpn5
expert,ezprt
explain,ezplan
express,ezprez
extinct,esteNK
extra,estra
extreme,estrem
exude,esud
eyeball,ibol
eyewitness,i:uetnez
Fabian,fabn
faced,fast
fact,fak
factory,faktre
fade,fad
fail,fal
faint,faNT
fairly,fare
faith,fa(
falcon,folkn
Fall River,fol revr
falter,foltr
famed,faMD
familiarity,famel:r
family,famy
famish,fam$
fan,fan
fanatical,fanat:k
fanciest,fanse:st
fancy,fanze
fang,faNG
fantasia,faNTzea
fantasy,faNTze
farad,farad
fare,far
farewell,farl
farm,farm
farsighted,farsiTD
farthest,far)ez
fascinate,fasnat
fashionable,fas$b
fast,fast
faster,fastr
fat,fat
fatality,fat:l
fateful,fatf
fatherhood,fa):d
fathom,fa)m
fatten,faTN
faucet,foset
faulty,folte
fauna,fona
favorably,favrbe
feared,feRD
fearless,ferl
fears,ferz
feat,fet
February,feb
fee,fe
feel,fel
feet,fet
feline,felin
felon,feln
felucca,feluka
feminine,feMNen
fen,fen
fend,feNT
Fenian,fenean
feral,ferl
fern,fern
fetch,fec
fever,fevr
few times,feuDMz
fib,feb
field,feLD
fight,fit
file,fil
fill,fel
final,finl
finances,fenan5
find,fiNT
finger,feNGr
finished,fen$t
fir,fer
firefly,firfli
firm,ferm
fish,fe$
fist,fest
fitness,fetnex
fix,fex
flabby,flabe
flair,flar
flap,flap
flavor,flavr
flay,fla
flee,fle
flew,flu
flippant,flePT
floor,flor
Florentine,florenTN
floss,floz
flow,flo
fluid,flud
flush,fl$
foam,fom
foe,fo
fold,foLD
follow,folo
fond,foND
font,foNT
fool,ful
footnote,futnot
for a few days,ffeudaz
for a moment,fmom
for himself,fhemz
for instance,fnz
for its,ftz
for most,fmo
for our,fr
for the,f(
for their,f)
for us,fus
for which the,fc(
for your,fu
forage,forj
forceful,fsf
foreman,fman
forever,f:ev
forgot,fgt
fort,ft
found,fNT
founder,fNTr
fountain,fnTN
fountainhead,fnTHhed
fowl,faul
fracas,frakas
fractional,frak$l
fracture,fraktr
fragility,fraj:l
fragrance,fragranz
frail,fral
framework,framrk
franchise,francis
frankfurter,fraNKftr
fraternal,fratenl
fraud,frod
fray,fra
freak,frek
free,fre
freely,free
freestone,freston
freezer,frezer
freighter,fratr
frenzy,frenze
frequently,freke
fresh,fre$
Fresno,frezno
friend,freNT
frisky,frezke
from,fm
from his,fmz
from its,fmtz
from that,fm(a
from them,fm(m
from you,fmu
front,frNT
frontier,frNTer
fruit,frut
fry,fri
full,ful
fund,fNT
furnish,fn$
fury,feure
future,ftr
gable,gab
gaff,gaf
gage,gaj
Gail,gal
gain,gan
gainful,ganf
galaxy,galaxe
gall,gol
gallant,galaNT
gallium,galem
gallows,galoz
game,gam
gamma ray,gamra
gander,gaNTr
gangrene,gaNGren
gap,gap
garb,garb
garble,garb
gardener,gaRDnr
garish,gar$
garment,garm
garnish,garn$
garter,gartr
gash,ga$
gate,gat
gauge,gaj
gay,ga
gaze,gas
gem,jem
gene,jen
generally,jene
genetic,jenetek
genital,jenetl
gentleman,JDlman
geology,jeol
Georgia,ja
germ,jerm
germinate,jerMNat
Gestalt,ge$talt
getting,getq
ghost,gost
giant,gioNT
gibbered,jebRD
gibbon,gebn
giblets,jeblez
giddy,gede
gifted,gefTD
giggle,gegl
gilded,geLDd
gill,gel
gimbals,gemblz
gimlets,gemlez
ginger,jenjer
gingivitis,jenjvi
gird,geRD
girls,grlz
give me,gevme
given,gevn
glad,gl
glad to say,glza
glamor,glamr
glare,glar
glasses,gla5
gleam,glem
glide,glid
global,globl
Gloria,glorea
glossy,gloze
glow,glo
glue,glu
gnarl,narl
gnat,nat
gnawed,nod
gnomon,noMN
go,g
god,god
going,gq
gold,goLD
gone,gn
good condition,gkd$
good time,gDM
goods,gs
Gothic,go(ek
government,gvm
grab,grab
grade,grad
grading,gradq
grain,gran
granite,granet
grape,grap
graphic,grafk
grass,graz
grateful,gratf
gravely,grave
gray,gra
Great Britain,g*b
great many,grMNe
greed,gred
greedy,grede
green,gren
greet,gret
grew,gru
gridiron,gredirn
grieve,grev
grinder,griNTr
grit,gret
groin,groen
ground,grNT
grow,gro
grudge,grj
Guam,gwam
guava,gwava
guide,gid
guitar,getar
gumbo,gmbo
gunsmith,gnsme(
gust,gust
guy,gi
gym,jem
gypsum,jepsm
gyroscope,jiroskp
haberdasher,habRD$er
habitat,habtat
habitually,habtle
hackneyed,hakned
had,had
had been able,hadba
had not been,hadnb
hafnium,hafnem
haggard,hagRD
hail,hal
hairbrush,harbr$
hairy,hare
halcyon,halsn
half,haf
hall,hol
hallucination,halusn$
halogen,halojn
halter,holtr
halyard,haleaRD
hamlet,hamle
hammock,hamok
hampered,hampRD
hamstring,hamstreNG
handball,hNTbol
handcuff,hNTkuf
handful,hNTf
handiest,hNTe:st
handiwork,hNTerk
handmade,hNTmad
handsome,hansm
handy,hNTe
hangar,haNGr
hangman,haNGman
haphazard,haphazaRD
happen,hapn
happier,haper
happily,hapy
happy,hape
harass,haraz
harbinger,harbnjer
harbored,harbRD
hard working,haRDrkq
harder,haRDr
hardware,haRDwar
hare,har
harem,harem
Harlequin,harlekwen
harmful,harmf
harmonic,harMNek
harmonious,harMNus
harness,harnez
Harper,harpr
harpoon,harpun
Harris,harez
Harry,hare
harvest,harves
has,has
has been able,hazba
has known,hasnon
has no,hasno
has not been,hasnb
has the,has(
has to be,hastb
hashish,ha$e$
hasp,hazp
hasten,hasn
hastily,hasty
hat,hat
hate,hat
hateful,hatf
haughty,hote
hauled,hoLD
haunted,hoNTd
have,v
have been able,vba
have had,vhad
have not,vn
have not been able,vnba
have you,vu
haven,havn
having been,vbq
Hawaii,haui
hawk,hok
hay,ha
hayseed,hased
hazard,hazaRD
hazel,hazl
he,e
he can,ek
he can make,ekmak
he cannot,ekn
he could not,ekdn
he did,eTD
he does,edus
he drove,edrov
he felt,efelt
he gave me,egavme
he goes,egs
he is not,esn
he isn't,esNT
he left,eleft
he made,emad
he may be able,emaba
he must,emz
he must have,emzv
he reaches,erecs
he saw,eso
he should be,e$db
he should have,e$dv
he wasn't,eozNT
he will be,elb
he will have,elv
he will not been able,elnba
he would,ed
he would be able,edba
head,hed
header,hedr
headlight,hedlit
headlock,hedlok
headstrong,hedstroNG
heal,hel
health,hel)
heap,hep
hear from you,herfmu
hearer,herr
hearse,herz
heartbeat,hartbet
hearth,har)
heartless,hartl
heater,hetr
heathen,he(en
heating,hetq
heave,hev
heavily,hevy
Hebrew,hebru
hectic,hektek
heel,hel
hegemony,hejMNe
height,hit
heinous,hanus
heirloom,arlum
helical,hel:k
heliotrope,helotrop
helix,heleX
helmet,helmet
help,help
helpful,helpf
helpless,helpl
hematite,hematit
hemp,hemp
hence,henz
henhouse,henhus
heptagon,heptagn
herald,herLD
herbal,herbl
herd,heRD
here and there,her)
here is,herz
hereditary,hereTDre
hereto,hertu
heritage,heretj
hermit,hermet
hero,hero
heron,hern
herring,herq
hesitant,hesTNt
heterodox,hetrodoX
hexagon,hexagn
hibernate,hibrnat
hickory,hekre
hidden,heTN
hideous,hidus
higher,hir
highland,hilaNT
highway,hi:ua
hiker,hikr
hill,hel
hilt,helt
himself,hemz
hinge,henj
hippodrome,hepdrom
hire,hir
his,s
historian,hestrean
hit,het
hitchhike,hechik
hive,hiv
hoard,hoRD
hoarse,horz
hobby,hobe
hock,hok
hoe,ho
hogshead,hogshed
hokum,hokm
holder,hoLDr
holiday,holeda
holly,hole
holocaust,holokoz
holographic,holografk
holy,hole
home,hom
homely,home
homesick,homsek
homeward,hom:d
homicide,homzi
hominy,hoMNe
homonym,hoMNem
Honduras,hoNTraz
honest,onez
honesty,oneze
honeybee,honebe
honeydew,honedu
honeysuckle,honesukl
honk,hoNK
honor,onr
honorably,onrbe
honorary,onrre
hood,hud
hoodlum,hudlm
hoof,huf
hooker,hukr
hookworm,hukuerm
Hoosier,hu$er
hop,hop
hope that,hop(a
hopeful,hopf
hopeless,hopl
hopelessness,hoplnez
hoping that,hopq(a
hopscotch,hopskoc
horizon,horisn
horizontally,horisoNTy
horn,horn
hornet,hornet
horology,horol
horrible,horb
horrify,horf
horse,horz
horsehair,horzhar
horseshoe,horz$u
hose,hoz
hospice,hozpez
hospitality,hozpt:l
hostage,hostj
hostess,hostez
hostility,host:l
hotel,hotel
hothouse,hothus
hound,hauNT
hourly,re
hours ago,rzg
housed,husd
household,husoLD
housewife,husuif
hovel,huvl
how,au
how is,aus
how many of the,auMNe(
how much,aumc
howl,haul
huckleberry,huklbere
hue,heu
hug,hug
Huguenot,heugnot
hull,hul
human,heuMN
humanitarian,heuMNetrean
humid,heumed
humiliate,heumeleat
humor,heumr
humus,heumus
hundred,huNTred
hungrily,huNGry
hunk,huNK
hunter,huNTr
hurl,herl
hurry,here
hurtful,hertf
husband,huzbaNT
husk,husk
hustle,husl
hyancinth,hisen(
hydrangea,hidranjea
hydraulic,hidrlk
hydrogen,hidrojn
hydroxide,hidroxid
hygiene,hijen
hymnal,hem~nl
hyperbole,hiprble
hyphen,hifn
hypocrite,hepkret
hypothesis,hip(e3
hysteria,hesterea
I,a
I am,am
I am not,am~n
I believe,abe
I can,ak
I can see,akse
I can't be,aktb
I can't say,aktza
I cannot be,aknb
I could,akd
I could have,akdv
I could see,akdze
I desire,adz
I did not,aTDn
I do not,adun
I do not understand,adun:sTN
I drove,adrov
I feel,afel
I gave,agav
I guess,ages
I have,av
I have been able,avba
I have made,avmad
I have not been able,avnba
I hope,ip
I knew,anu
I left,aleft
I liked,ala:t
I lost,alozt
I may,ama
I may not,aman
I met,amet
I must,amz
I must have,amzv
I need not,anedn
I ran,aran
I read,ared
I remembered,areMN:t
I saw,aso
I see,ase
I shall be,a$b
I shall have,a$v
I shall not,a$n
I shall see,a$se
I should be,a$db
I should like,a$dla
I think,a(q
I understand,a:sTN
I wanted,aNTd
I wasn't,aoz'NT
I will be,alb
I will have,alv
I will see,alze
I would,ad
I would have,adv
I would not,adn
iambic,imbk
ice,iz
ichor,ikr
icily,izy
icy,ize
idea,ade
ideally,idele
identify,iTNDV
idiom,eDM
idiot,edot
idly,idle
idolatry,idlatr
if,ef
if it,eft
if it were,efter
if my,efmi
if the,ef(
if there is,ef)z
if they,ef(e
if they can,ef(ek
if they would be,ef(edb
if you are,efur
if you cannot,efukn
if you desire,efudz
if you do not,efudun
if you have,efuv
if you know,efuno
if you need,efuned
if you will be,efulb
if you will ship,eful$
if you would be,efudb
if you would like,efudla
igneous,egnus
ignition,egn$
ignominious,egnoMNus
Iliad,elead
ill,el
illness,elnez
illuminate,eluMNat
illustration,elustra$
image,emj
imitate,emetat
immediate,eme
immense,eMNz
immigrant,emegraNT
immune,emun
impact,mpak
impede,mped
impervious,mprvus
implement,mplem
important,mp
impress,mprez
in,n
in addition,nad$
in case,nkas
in her,nher
in it,nt
in order,nod
in that,n(a
in the morning,n(MNq
in these,n(es
in which the,nc(
inane,enan
incandescent,nkaNTezNT
incense,nsenz
inchworm,ncuerm
incline,e:n
include,e:d
income,nkm
incorrect,nkr
indeed,nTD
index,NTeX
Indian,NTean
indirect,NTrk
individual,NTv
indoors,NTorz
industrial,NTustrl
inertia,ener$a
infant,nfNT
infer,nfer
inflate,nflat
ingest,njes
inhale,enhal
initial,ene$
initials,ene$s
ink,eNK
inn,en
insane,nsan
inside,nsi
insist,n5
instruct,nstrk
insulated,ns:u:t
insure,n$ur
intelligent,NTeleJD
intense,nTNz
intentional,nTN$l
intently,nTNtr
interact,n:ak
interbreed,n:bred
interceded,n:seTD
intercepted,n:zepTD
interceptor,n:zeptr
intercessory,n:5re
interchangeable,n:canjb
intercourse,n:korz
interdependence,n:dPTnz
interdict,n:dek
interest,n:s
interestingly,n:s:e
interfered,n:feRD
interim,n:m
interject,n:jk
interlace,n:laz
interlinear,n:lenear
interlock,n:lok
interloper,n:lopr
intermarriage,n:marj
intermediary,n:medre
interment,n:MN
interminably,n:MNbe
intermission,n:m$
intermittence,n:meTNz
intermittently,n:meTNte
internal,n:nl
international,n:na$l
internment,n:n~m
interpolate,n:polat
interpret,n:pret
interpretative,n:pretaDV
interpreter,n:pretr
interrelation,n:rela$
interrogation,n:og$
interrupt,n:upt
intersect,n:sek
intoxicated,NToXk:t
intrude,n:d
invade,nvad
invite,nvit
iodide,iodid
ion,ion
ionize,ioniz
Iowa,i
Iran,iran
Iraq,irak
Irene,iren
Irish,ir$
iron,irn
irony,irne
irrational,era$l
irrigate,ereg
is,s
is not,sn
is the,s(
Islam,ezlam
isle,il
isolation,izola$
it,t
it has been,thazb
it is not,tzNT
it was,toz
it will,tl
it will have,tlv
it will not be,tlnb
it would be,t~db
italic,etlk
itch,ec
item,iDM
itself,t5
ivy,ive
jabber,jabr
Jack,jak
jacket,jaket
Jackson,jaksn
jackstraw,jakstro
Jacobs,jakobz
jade,jad
jagged,jaged
jail,jal
jailer,jailr
jam,jam
jamboree,jambore
Jamestown,jamztn
Jan,jan
Janesville,janzv
jangle,jaNGl
janitor,janetr
Japan,japn
jar,jar
jargon,jargn
Jarvis,jarves
Jason,jasn
jaundice,joNTez
jaunty,joNTe
jawbone,jobon
jealous,jelus
Jean,jen
jeer,jer
Jefferson,jefrsn
Jeffrey,jefre
jellied,jeled
jellyfish,jelefe$
Jenkins,jeNKenz
Jennings,jen:z
jeopardy,jepRDe
Jeremiah,jeremio
jerked,jerkt
jerky,jerke
jersey,jerze
Jerusalem,jeruslem
Jessica,jeseka
jester,jestr
Jesuit,jesut
jet,jet
jettison,jetsn
jewel,jul
jeweler,julr
jewelry,julre
Jewry,jure
jig,jeg
jiggle,jegl
jigsaw,jegso
jingled,jeNGLD
jingoism,jeNGosm
jinx,jeNKz
job,job
jockey,joke
jog,jog
join,joen
joining,joenq
joke,jok
jokingly,jok:e
jostle,jozl
journal,jernl
journey,jerne
jowl,jaul
Joyce,joez
judge,jj
judgement,jjm
juggle,jugl
julep,julep
jumble,jmb
junction,jNK$
jungle,jNGl
jurisdiction,jurezdek$
just,just
justice,justez
jute,jut
juxtaposition,juXtpo$
kaiser,kizr
kale,kal
kaleidoscopic,klidoskpk
Kansas,k
kapok,kapk
Kate,kat
kayak,kiok
keen,ken
keep,kp
keeper,kp:r
kelp,kelp
Kentucky,ke
kept,kpt
kerchief,krcef
kerosene,kersen
ketch,kec
kettle,ketl
keyboard,keboRD
khaki,kake
kicker,kekr
kidnap,kednap
kidney,kedne
killer,kelr
kilogram,kilo:g
kilt,kelt
kin,ken
kinder,kiNDr
kindle,keNDl
kindly,kiNDe
kindred,keNDred
kinesthetic,kenez(etek
king,keNG
kingdom,keNGDM
kingfisher,keNGfe$er
kingpin,keNGpen
kink,keNK
kinsman,kenzman
kitchen,kecn
kite,kit
kitten,keTN
knapsack,napsak
knee,ne
kneel,nel
knew,nu
knickknack,neknak
knight,nit
knights,nitz
knives,nivs
knock,nok
knockout,nokau
knot,not
know,no
knowledge,nolej
known as,nonaz
knuckle,nukl
kodak,kodak
Koran,koran
kraft,kraft
krypton,krepTN
labor,labr
laborer,labrr
lack,lak
ladder,ladr
laid,lad
lake,lak
lamp,lamp
language,laNGj
lap,lap
lard,laRD
largely,larje
larva,larva
last,laz
latch,lac
lately,late
lather,la)
latitude,latet
Latvia,latvea
laugh,laf
lava,lava
lawn,lon
lax,laX
lay,la
lazy,laze
leader,ledr
leafed,left
leak,lek
leap,lep
learned,lerNT
leased,lezt
leash,le$
least,lezt
leaves,levs
lecture,lektr
Lee,le
leek,lek
left,left
legally,legy
leisure,le$ur
length,leNG(
lenses,len5
Lent,leNT
less,lez
less than,lez(n
less than the,lez(n(
let,le
let us,les
letter,le
level,levl
levity,levte
libel,libl
Liberia,liberea
library,librre
lichen,likn
lie,li
life,lif
light,lit
lighten,liTN
lightest,litez
lighthouse,lithus
lightness,litnez
lights,litz
lightweight,litwat
likable,la:b
liked,la:t
likely,lae
likeness,lanez
likings,la:z
lilt,lelt
lily,lele
limber,lembr
lime,lim
Limerick,lemrk
limit,lemet
limited,lemeTD
limp,lemp
limply,lempe
line,lin
lineal,lenl
linear,lenear
linen,lenen
linger,leNGr
lingo,leNGo
linguist,leNGwez
linguistics,leNGwezteks
lining,linq
link,leNK
linoleum,lenolem
linseed,lensed
lion,lion
lionize,lioniz
liquefy,lekwef
liquidate,lekwedat
liquor,lekr
list,lezt
listen,lezn
listener,leznr
litany,leTNe
literacy,letrze
literalism,letrlsm
literary,letrre
literature,letratr
lithium,le)em
Lithuania,le)wanea
litigation,leteg$
litter,letr
liturgical,letrj:k
livable,lev:b
live,liv
livelihood,live:d
liver,levr
livid,levd
lizard,lezaRD
load,lod
loaf,lof
loam,lom
loaned,loNT
loathsome,lo)sm
lobby,lobe
lobster,lobstr
localization,lokleza$
locate,lok
lock,lok
locker,lokr
locks,loks
lockup,lokup
locomotive,lokmoDV
locust,lokus
lodestar,lodstar
lodgings,log:z
log,log
logarithm,logre)m
loin,loen
lone,lon
long,lNG
long time ago,lNGDMg
look,luk
loon,lun
loose,lus
loot,lut
lord,loRD
lose,lus
losses,lo5
lot,lot
lotus,lotus
Louisiana,la
love,luv
lower,lor
loyal,loel
loyalty,loel:e
lubricate,lbrek
lucid,lused
luckily,luky
lucrative,lukraDV
lug,lug
Luke,luk
lull,lul
lulled,luLD
lumber,lmbr
luminescent,luMNezNT
luminous,luMNus
lumpy,lmpe
lunar,lunr
lunch,lnc
lung,lNG
lurch,lerc
lurid,lred
lust,lust
luxurious,luXurus
lynx,leNKz
lyric,lerk
lyricism,ler5m
macaroni,makrone
mad,mad
made,mad
Madrid,madred
magenta,maJDa
magnify,magnf
magpie,magpi
mahatma,mhatma
maid,mad
maidenhair,maTNhar
maidenly,maTNe
mail,mal
mailed,maLD
mailing,malq
maim,mam
Maine,man
make,mak
maker,makr
male,mal
Maltese,moltez
mammoth,MNo)
manage,MNj
manhood,man:d
manna,mana
Mannheim,MNhim
many,MNe
many of them,MNe(m
map,map
mar,mar
mare,mar
marigold,maregoLD
marine,maren
market,mr
marking,markq
married,mared
Martian,mar$n
Maryland,md
mask,mazk
mass,maz
master,maztr
mate,mat
mattresses,matre5
maximum,maXMN
May,ma
may have,mav
may not be,manb
me,me
meal,mel
means,menz
meat,met
mechanization,mekaneza$
medication,medek$
meet,met
mellow,melo
memory,MNre
menstrual,MNstrl
mention,MN$
mere,mer
mesh,me$
messenger,meznjer
metal,metl
meter,metr
metropolitan,metropleTN
Michigan,m$
microscope,mikroskp
middle,medl
might,mit
might have,mitv
might not be,mitnb
mild,miLD
miles,milz
milk,melk
miller,melr
Miltonic,melTNek
mimeograph,MNograf
mimic,MNek
mimosa,MNoza
minatory,MNatre
mincingly,MNz:e
minded,min:t
mine,min
mineral,MNrl
miniature,MNeatr
minimal,MNeml
minimum,MNeMN
minister,MNeztr
Minnesota,MN
mire,mir
mischief,mzcef
misdeed,mzded
misery,mzere
mislaid,mzlad
misleading,mzledq
misplaced,mzplazt
mission,me$
Missouri,mo
mistaken,mztakn
Mister,mr
mitt,met
mix,meX
mixture,meXtr
moan,mon
moat,mot
mobile,mobl
mobilize,moblis
mocha,moka
mockery,mokre
mode,mod
modeled,modLD
moderately,modrate
moderator,modratr
modernism,modensm
modernity,modenete
modest,modez
modification,mod:f
modulation,mod:u$
mohair,mohar
moist,moezt
moisture,moeztr
mold,moLD
mole,mol
molest,molez
moment,mom
momentary,momre
momentum,momum
monarchist,MNrkes
Monday,mun
monk,mNK
monoxide,MNoxid
monster,MNstr
month,MN(
Montreal,MNtrol
moon,mun
mop,mop
more and more,m~m
more than,m(n
moreover,m:o
morning,MNq
Morocco,moroko
morphine,morfen
most,mo
moth,mo)
motive,moDV
motto,moto
mount,MNt
mouse,maus
move,muv
mow,mo
Mrs.,mrz
much more,mcm
muddy,mude
muffler,muflr
muggy,muge
mulch,mulc
multiple,mutpl
mumble,MNb
municipal,munezpl
murder,meRDr
murky,merke
muscle,musl
mush,m$
music,musek
musk,musk
must be,mzb
mustache,musta$
mustard,mustRD
mutilate,mutlat
mutton,muTN
my,mi
my understanding,mi:sTNq
myriad,meread
myrtle,mertl
mystery,mztre
mythology,me(ol
nacelle,nazel
nail,nal
naive,niv
name,nam
namely,name
naphtha,naf(a
Napoleon,napoln
narrate,narat
narrow,naro
narrowly,naroe
natal,natl
national,na$l
nationally,na$y
natural,natrl
nature,natr
nausea,no$ea
nautical,not:k
naval,navl
navigation,navg$
navy,nave
nearer,nerr
nearly,nere
neat,net
neatly,nete
nebula,nebla
necessitate,ne5tat
neck,nek
necromancy,nekroMNze
Ned,ned
need be,nedb
needed,neTD
needless,nedl
needlework,nedlrk
negative,negaDV
negotiate,nego$eat
neighborhood,nabr:d
neither,ne(
neon,neon
nerve,nerv
nest,nezt
net,net
nettle,netl
neutral,nutrl
never,nv
new,nu
New Jersey,n*j
New York,nok
newest,nu:st
news,nus
newspaper,nzp
nicely,nize
nickel,nekl
night,nit
nighttime,niDM
nimbus,nembus
nirvana,nervana
nitrogen,nitrojn
no,no
no less,nolez
no matter,no%mat
no such,nozc
nobody,nobo
nod,nod
noel,noel
noisy,noeze
nominal,noMNl
nomogram,nom:g
none of the,nun(
nonsense,nonsenz
noon,nun
nor,nor
normal,norml
Norse,norz
North Carolina,nkar
northern,nor)en
nose,noz
not,n
notable,notb
notch,noc
noted,noTD
notices,note5
nought,not
novel,novl
now,nau
nowhere,noar
nozzle,nozl
nude,nud
nugget,nuget
numb,num
numeral,numrl
nurse,nerz
nurses,ner5
nut,nut
nutrition,nutre$
nymph,nemf
oaf,of
oaken,okn
oath,o)
oats,otz
obedient,obTNt
obese,obez
obey,oba
object,ob
objectionable,ob$b
objectivity,ob:vte
obligate,obleg
obligatory,obleg:re
oblique,oblek
obliterate,obletrat
oblivion,oblevn
oblong,oblNG
obnoxiously,obnok$use
obscene,obsen
obscure,obskr
obscurity,obsk:r
observable,obzervb
observation,obzerva$
observer,obzervr
obsession,obze$
obsolescence,obzoleznz
obstacle,obst:k
obstinate,obsTNat
obtain,obTN
obvious,obvus
occasionally,oka$y
occupant,okPT
occur,okr
ocher,okr
odd,od
odor,odr
of all,oo
of any,o%ne
of course it is,oktz
of his,os
of its,otz
of my,o%mi
of our,o%r
of that,o(a
of their,o)
of these,o(es
of which,oc
of your,ou
off,of
offal,ofl
office,of
often,ofn
ogle,ogl
ohm,om
ointment,oeNTm
Oklahoma,okla
old-fashioned,oLDfa$:t
oleander,oleaNTr
omega,omega
omen,oMN
on,on
on it,ont
on our,onr
on that day,on(ada
on them,on(m
on which the,onc(
once,unz
one,un
one of the,un(
oneself,un5
onward,on:d
ooze,us
open,opn
opening,opnq
opera,opra
operating,opratq
opinion,opn
opponent,oponeNT
oppose,opo
optics,opteks
option,op$
or more,orm
oracle,or:k
orange,oranj
orb,orb
orchard,orcaRD
ordinary,oTN
organ,orgn
orient,oreNT
origin,orejn
oriole,oreol
Orlando,orlaNTo
ornithology,orne(ol
oscillate,ozelat
osmosis,osmo5
ostracize,ostraziz
other,u(
Ottawa,ota
ottoman,otoMN
ought to be,otb
our,r
ours,rz
out,au
out of town,autn
outfield,aufeLD
outfitter,aufetr
outgrowth,augro)
outlandish,aulaNT$
outlaw,aulo
outlet,aule
outline,aulin
outlook,auluk
outrage,auraj
outrageously,aurajuse
outreach,aurec
outright,auri
outset,auset
outsider,ausi:r
outstanding,ausTN
outstrip,austrep
outward,au:d
outwear,auuar
oval,ovl
oven,ovn
overalls,o^o%z
overburden,o^bRDn
overcharge,o^carj
overcome,o^km
overdo,o^du
overdraft,o^draft
overestimate,o^esDMat
overflow,o^flo
overhand,o^hNT
overhead,o^hed
overrated,o^raTD
overt,o^t
overtime,o^DM
overwhelmed,o^huelMD
owe,o
owl,aul
owned,oNT
ownership,onr:$
owns,onz
ozone,ozon
pace,paz
pacifist,pazfes
package,pakj
packet,paket
pad,pad
paddled,padLD
paganism,pagnsm
pageant,paJD
paid,pad
pain,pan
painter,paNTr
pajama,pajma
palace,palaz
pale,pal
palette,palet
pall,pol
palmetto,palmeto
pamphlet,pamfle
Panama,panama
panda,paNTa
panel,panl
panic,panek
panther,pan(
paper,papr
paprika,papreka
paragraph,paragraf
parasite,parsit
parch,parc
parent,pareNT
Paris,parez
parity,p:r
parka,parka
parliament,parlem
parrot,parot
parsley,parzle
part,pt
parted,pTD
partially,par$y
participate,ptezpat
partisan,ptsn
partnership,ptnr:$
party,pte
passage,pazj
passenger,paznjer
passion,pa$
password,pazueRD
paste,pazt
pasteurized,paztrizd
pastoral,paztrl
patch,pac
paternal,patenl
pathway,pa(wa
patient,pa$t
patio,pateo
patrol,ptrol
patter,patr
Paul,pol
pause,poz
pavement,pavm
paw,po
pay,pa
payer,par
payroll,parol
pea,pe
peaceful,pezf
peacock,pekk
peanut,penut
pearl,prl
peat,pet
pecan,pkan
pectoral,pktrl
pedal,pdl
peddler,pdlr
pedigree,pdegre
peel,pel
peer,per
Pegasus,pga3
pelvic,pelvk
penal,pnl
penchant,pncaNT
pendant,PTNT
pendulum,PTlm
penguin,pngwen
peninsula,pnenzula
penmanship,pn~man:$
penny,pne
pensive,pnzv
penultimate,pnuDMat
peony,peone
pepper,pepr
per year,prer
percent,prseNT
perception,przep$
percussion,prku$
perfume,prfeum
peril,perl
periodical,perod:k
perishable,per$b
perjury,prjure
permeate,prmeat
permit,prmet
peroxide,proxid
perpetual,prptl
persevere,prsever
persist,pr5
person,prsn
personality,prsn:l
perspire,przpir
pert,prt
Peruvian,peruvean
pestle,pezl
petal,ptl
petroleum,ptrolem
petunia,ptunea
phantom,fanDM
pharmacist,farm5
pharmacy,farmze
pheasant,fesNT
phenomena,fenoMNa
Philippine,felepn
phlegm,flem
Phoenix,feneX
phosphorescent,fozfrezNT
phrase,fraz
physician,fese$
piano,peano
pickle,pkl
picture,pktr
pie,pi
pier,per
pile,pil
pillow,pelo
pink,peNK
pipe,pip
pit,pet
pity,pte
placebo,plazebo
plague,plag
plain,plan
plane,plan
plant,plaNT
plastic,plaztek
plateau,plato
players,plarz
plaza,plaza
please,pl
please have,plv
please ship,pl$
pleased,pl:t
plenty,pleNTe
plot,plot
plug,plug
plumber,plmr
plunge,plnj
Pluto,pluto
pluvial,pluvl
poach,poc
point,poeNT
polar,polr
police,polez
polka,polka
pollen,poln
polonium,polonem
pompous,pompus
pony,pone
popcorn,popkorn
popular,poplr
pornography,pornografe
portion,por$
Portugal,potugl
position,po$
possible,pozb
postal,p:l
postmark,p:mark
pot,pot
potato,potato
potter,potr
pour,por
poverty,povrte
power,paur
practical,prakt:k
Prague,prag
Pratt,prat
predatory,preTDre
preen,pren
premises,preme5
preposition,prepo$
president,prezTNt
presses,pre5
Preston,prezTN
pretty,prete
previous,prevus
prices,pri5
Priestly,preztle
principally,prenzpy
Priscilla,prezela
Pritchard,precaRD
private,privt
probe,prob
Proctor,proktr
produce,produs
profit,prft
progressive,prgv
prolong,prlNG
pronounce,prn~nz
proper,prpr
prose,proz
protein,proten
proud,praud
provide,prvid
prune,prun
pry,pri
Psalter,soltr
public,pb
puddle,pudl
pulp,plp
pump,pmp
punch,pnc
punish,pn$
purchase,prc
Puritan,peuretn
purpose,prp
purr,pr
purser,przer
pursuance,prsunz
pursue,prsu
pursuit,prsut
purulent,peurleNT
purveyance,prvanz
purview,prveu
push,pu$
pusher,pu$er
pustule,pustl
putative,peutaDV
putrefaction,peutrfak$
putrescent,peutrezNT
putt,put
putty,pute
puzzled,pusLD
pygmy,pgme
pyorrhea,pirea
pyre,pir
pyromania,piroMNea
Pyrrhic,perk
quackery,kwakre
quadratic,kwadratek
quadruple,kwodrpl
quail,kwal
quake,kwak
qualified,kwolf:t
qualities,k:lz
qualm,kwam
quantities,k*tz
quantum,kwonDM
quarrel,kworl
quart,kwot
quarterback,kwotrbak
quartermaster,kwotrmaztr
quartz,kwotz
quasi,kwasi
Quebec,kebk
Queensland,kwenzlaNT
quell,kwel
query,kwere
question,k$
questionable,k$b
quibble,kweb
quicken,kwekn
quicksand,kweksaNT
quiet,kwiot
quill,kwel
quilted,kwelTD
Quinn,kwen
quip,kwep
quire,kwir
quit,kwet
quite,kwit
quitter,kwetr
quiz,kwes
quota,kwota
quote,kwot
quotidian,kwoTDean
rabble,rab
rabies,rabez
race,raz
racer,razer
racially,ra$y
racket,raket
Radford,radfd
radiance,raTNz
radiate,radeat
radiator,radeatr
radicalism,rad:ksm
radii,radi
radioactive,radakv
radiography,radoge
radiolytic,radoletek
radium,raDM
radon,raTN
raft,raft
rage,raj
ragout,ragu
ragweed,ragued
rail,ral
railroad,rr
rain,ran
raincoat,rankot
rainy,rane
raisin,razn
rake,rak
rally,rale
ramble,ramb
rambler,ramb:r
ramification,ram:f
ramp,ramp
ramrod,ramrod
ramshackle,ram$akl
rancher,rancer
rancid,ransed
Randall,raNTl
random,ranDM
ranger,ranjer
rank,raNK
Rankin,raNKen
ransack,ransak
rant,raNT
rape,rap
rapid,rapd
rapidly,rapde
rapt,rapt
rare,rar
rarity,r:r
rashness,ra$nez
raspberry,razbere
ratchet,ratc
rated,raTD
ratification,rat:f
ratings,rat:z
ration,ra$
rationalize,ra$liz
rationed,ra$:t
rattle,ratl
raucous,rokus
rave,rav
ravenous,ravnus
ravish,rav$
rawhide,rohid
Raymond,raMNd
razor,razer
reached,rect
react,rak
reactionary,rak$are
readable,redb
readers,redrz
readiness,redenez
readjust,rajust
reaffirm,raferm
real,rel
realist,relez
reality,re:l
really,rele
ream,rem
reaper,repr
rear,rer
rearward,rer:d
reasonable,rsnb
reasons,rsnz
rebate,rbat
rebel,rbel
rebellious,rbelus
reborn,rborn
rebuild,rbeLD
rebuttal,rbtl
recall,rekol
recapture,rekaptr
receipt,rset
receive,rsev
receiver,rsevr
recently,rseNTe
recess,r5
recharge,rcarj
recipe,rzpe
reckless,rekl
reclaim,reklam
recognition,rkn$
recoil,rekoel
recommend,rekMN
reconsider,reks
recover,rekv
recruit,rekrut
rectangular,rektaNGlr
recur,rekr
Redcar,redkr
redeem,reDM
reduce,redus
reed,red
reel,rel
referee,rfe
reflex,rfleX
refraction,rfrk$
refugee,rfeuje
regal,regl
regent,rJD
Reginald,rejnLD
regret,regret
Reid,red
rein,ran
relationship,rela$:$
relax,relaX
releases,rele5
reliable,relib
relieve,relev
rely,reli
remedy,remede
remind you,reminu
remodeling,remodlq
remove,remuv
rendezvous,raNTvu
renew,renu
rennet,renet
renovate,renovat
rent,reNT
reopen,ropn
repair,rpar
repayment,rpam
repeat,rpet
repel,rpl
repent,rPT
repertoire,rprtwar
repetitive,rpteDV
replacement,rplazm
replica,rpleka
report,rpot
repose,rpo
repossess,rpo5
represent,rpr
representative,rprv
repression,rpre$
reproach,rprc
reprove,rprv
republic,rpb
repugnant,rpugnaNT
request,rkes
rerun,rern
research,rzerc
resemble,rsembl
resented,rseNTd
resentfully,rseNTfe
reservation,rzerva$
reservoir,rzervwor
resettlement,rzetlm
reshipment,re:$m
residence,rzeTNz
resident,rzeTNt
residual,rsedl
resign,rsin
resigned,rsiNT
resiliency,rzelenze
resist,r5
resolve,rsolv
resound,rsNT
respect,rzpk
respond,rzPT
rest,rez
rested,rez:t
restore,rstr
rests,rezz
resume,rsm
retail,retal
retake,retak
retch,rec
retire,retir
retreat,retret
retrograde,retrograd
return,ret
reveal,rvel
revelation,rvela$
revenue,rvnu
revere,rver
revert,rvert
revile,rvil
revising,rvisq
revoke,rvk
revolve,rvolv
rewrite,reri
Reynolds,renoLDz
rheostat,reostat
Rhoda,roda
Rhodesia,rodesea
Rhonda,roNTa
rhyme,rim
rib,reb
rice,riz
Richards,recaRDz
riches,recs
richly,rece
richness,recnez
ricochet,reko$a
ridden,reTN
ride,rid
riderless,ridrl
ridicule,redekl
ridiculous,redeklus
riffle,refl
rifle,rifl
rifleman,riflman
right,ri
right or wrong,riroNG
righteously,ricuse
rightful,rif
rightly,rie
rigid,rejd
rigidly,rejde
rile,ril
Riley,rile
rime,rim
ring,reNG
ringer,reNGr
ringleader,reNGledr
ringside,reNGzi
rinse,renz
riotous,riotus
riparian,reprean
ripely,ripe
ripened,riPT
ripest,ripez
rise,riz
riser,rizer
risky,rezke
rite,ri
ritualistic,retleztek
rival,rivl
river,revr
rivet,revt
roach,roc
roadbed,rodbed
roads,rodz
roam,rom
roar,ror
roast,rozt
rob,rob
robbery,robre
robe,rob
Robertson,robrtsn
Robinson,robnsn
robustness,robusnez
rock,rok
rocket,roket
rococo,rokko
rodent,roTNt
Roderick,rodrk
rodman,rodman
Roger,rojer
roguish,rog$
Roland,rolaNT
rolled,roLD
Roman,roMN
Romanesque,roMNezk
romantically,romaNT:ke
Rome,rom
roof,ruf
roofless,rufl
room,rum
roomer,rumr
roommate,rumat
roost,rust
root,rut
rooter,rutr
rosary,rozare
rosewood,rozuud
roster,roztr
rosy,roze
Rotarian,rotrean
rotate,rotat
rotation,rot$
rote,rot
rotund,rotNT
rouge,r$
roughly,rufe
roulette,rulet
roundly,rNTe
rout,raut
rover,rovr
royal,roel
rude,rud
rugby,rugbe
ruin,run
ruled,ruLD
rum,rm
rummage,rmj
rump,rmp
rune,run
runner,rnr
rural,rrl
russet,ruset
rust,rust
rutabaga,rutbaga
ruthless,ru(l
sabbatical,zabt:k
sabotage,zabota$
sack,sak
sacred,sakred
sacrificial,sakrfe$
sad,sad
sadly,sade
safeguard,safgaRD
safes,safs
sag,sag
sage,saj
sago,sago
Saigon,sign
sailboat,zalbot
sailing,zalq
sails,zalz
saint,saNT
Saint Marys,st:marez
sainthood,saNT:d
salaam,zalam
salad,zalad
sale,zal
sales,zalz
salespeople,zalzpepl
saleswoman,zalzuuMN
Salina,zalina
saline,zalin
saliva,zaliva
salmon,saMN
salt,solt
salty,solte
salute,zalut
salvation,zalva$
Sam,sam
samarium,samrem
sameness,sam~nez
sample,sampl
samurai,samuri
sanction,saNK$
sand,saNT
sandalwood,saNTluud
sandbox,saNTboX
sandpaper,saNTpapr
sandwich,saNTwec
sane,san
sanity,sanete
sap,zap
sapphire,safir
sardine,zarden
sassafras,sasfraz
Satan,saTN
satin,saTN
satisfaction,sat$
saturate,satrat
Saturn,saten
sauce,soz
savage,savj
save,sav
saves,savs
savior,savr
saw,so
sawn,son
say,sa
says,5
scald,skold
scalp,skalp
scamp,skamp
scan,skan
scandalous,skaNTlus
scandium,skanDM
scantily,skaNTy
scapula,skapla
scarab,skarab
scarlet,skrle
scatter,skatr
scenario,senreo
scenery,senre
scent,seNT
schedule,skedl
scheme,skem
schism,5m
schizophrenia,skesofrenea
scholarship,skolr:$
school,skul
schoolwork,skulrk
sciatica,sioteka
scientific,sionDVk
scientist,sioNTez
scion,sion
sclerosis,sklero5
scold,skoLD
scoop,skup
scooter,skutr
scopolamine,skopolaMN
scorcher,skorcer
scored,skoRD
scorpion,skorpn
Scotch,skoc
scour,skaur
scout,skaut
scramble,skramb
scrapbook,skrapbuk
scratch,skrac
scrawl,skrol
scream,skrem
screech,skrec
screed,skred
screw,skru
scribe,skrib
scrimp,skremp
scripture,skreptr
scrod,skrod
scrotum,skroDM
scruple,skrupl
scrutinize,skruTNis
scuff,skuf
sculptor,sklptr
scum,skm
scuttle,skutl
sea,se
seal,zel
seam,sem
seaport,sepot
search,zerc
seashore,ze$or
seaside,sesi
seasonally,sesny
seat,set
seats,setz
secede,sesed
secluded,sekluTD
second,sekNT
secondhand,sekNThNT
secret,sekret
secretion,sekre$
sect,sek
section,sek$
secure,sekr
sedate,sedat
see,se
seek,sek
seem,sem
seemed,seMD
seems,semz
seep,sep
seesaw,seso
segment,segm
seismic,sismek
seldom,zelDM
selenium,zelenem
self-conscious,z:k$us
self-help,z:help
selfish,s:$
sell,zel
sells,zelz
semantic,semaNT
semester,semeztr
semicolon,semekoln
Seminole,seMNol
semitone,semeton
senate,senat
Seneca,seneka
sensation,senza$
senseless,senzl
sensitive,senzDV
sent,seNT
separate,zeprat
September,zep
sequence,sekwenz
Serbian,zerbn
serene,zeren
sergeant,zerJD
serpahim,zerafem
served,zervd
services,zerve3
servomechanism,zervmeksm
session,se$
sever,sevr
several days,sevdaz
sew,so
sewn,son
shack,$ak
shade,$ad
shady,$ade
shaggy,$age
Shakespearean,$akzperean
shall be,$b
shall not,$n
shallot,$alot
shame,$am
shan't,$aNT
shape,$ap
shares,$arz
shatter,$atr
Shawnee,$one
she can,$ek
she is,$es
she may be,$emab
she must be,$emzb
shear,$er
shed,$ed
sheet,$et
shelf,$elf
shelter,$eltr
sherbet,$erbt
sherry,$ere
shimmer,$emr
Shinto,$eNTo
ship,$
shipped,$:t
shipping,$q
shirt,$ert
shiver,$evr
shoddy,$ode
shook,$uk
shop,$op
short,$
shorten,$:n
shot,$ot
should be,$db
should have,$dv
should not be,$dnb
shove,$uv
show,$o
shower,$aur
shown,$on
shrank,$raNK
shrine,$rin
shrivel,$revl
shrug,$rug
shrunken,$rNKn
shuffle,$ufl
shunt,$NT
shutter,$utr
Siamese,siomez
sibilant,zeblaNT
Sicilian,5lean
sicken,sekn
sickle,sekl
side,si
sides,sis
siege,sej
sigh,si
sigmoid,segmoed
signal,segnl
significant,segnef
silent,sileNT
silk,zelk
silly,zele
silver,zelvr
simmer,semr
simplify,semplf
sin,sen
since then,senz(n
sincerely,senzere
Singapore,seNGpor
singular,seNGlr
sink,seNK
sinner,senr
Sioux,su
sir,zer
sirloin,zerloen
sit,set
situation,set$
sixth,sex(
sizes,si3
skater,skatr
skeleton,skeleTN
sketch,skec
ski,ske
skill,skel
skinny,skene
skirt,skrt
skunk,skNK
slab,zlab
slacken,zlakn
slackness,zlaknez
slain,zlan
slam,zlam
slang,zlaNG
slanted,zlaNTd
slapdash,zlapda$
slashed,zla$t
slaughter,slotr
slavery,zlavre
slay,zla
sled,zled
sleek,zlek
sleeve,zlev
slide,zlid
slim,zlem
slip,zlep
slobber,zlobr
sloppy,zlope
sloth,zlo)
slovenly,zlovne
slowest,zlo:st
sludge,zlj
slum,zlm
slump,zlmp
slush,zl$
smack,smak
smart,smart
smear,smer
smile,smil
smock,smok
smoker,smokr
smoothest,smu(es
smudge,smj
smuggle,smugl
smut,smut
snafu,snafu
snail,snal
snap,snap
snapper,snapr
snare,snar
snarl,snarl
snatch,snac
sneaker,snekr
sneaky,sneke
sneered,sneRD
sneeze,snez
sneezeweed,snezued
snickered,snekRD
sniffle,snefl
snip,snep
snobbery,snobre
snobbishly,snob$e
snoot,snut
snore,snor
snort,snot
snowball,snobol
snowed,snod
snuff,snuf
snuggle,snugl
so far,sofar
so that,so(a
so to speak,sotzp
so-called,sokoLD
soapy,sope
sob,sob
soccer,sokr
socialist,so$:st
sociology,so$ol
socket,soket
sod,sod
sodium,soDM
soft,soft
soil,soel
solar,solr
solder,sodr
solemn,solem
solicitor,soleztr
solidify,soleDV
solitaire,soletar
solitude,soletud
solstice,solstez
solve,solv
some,sm
some of the,sm(
somebody,smbo
Somerset,smrset
sometime,smDM
somewhere,smar
sonata,sonata
sonic,sonek
soot,sut
soothingly,su(:e
sophistry,sofes:re
soprano,soprano
sore,sor
sorority,sor:r
sorry,sore
sorted,soTD
soul,sol
sounded,sNTd
soup,sup
source,sorz
south,sau(
South Dakota,sdak
souvenir,suvner
sow,sau
soy,soe
space,zpaz
spacious,zpa$us
spaghetti,zpageti
span,zpan
spank,zpaNK
spare,zpar
spares,zparz
spark,zpark
sparrow,zparo
Spartan,zparTN
spatter,zpatr
spawn,zpon
speaker,zp:r
special,zpe$
species,zpe$es
specimen,zpezMN
spectacular,zpktaklr
spectrum,zpktrm
speech,zpec
speedy,zpede
spellbound,zplbn
spent,zpNT
sphagnum,sfagnum
spherical,sfer:k
spice,zpiz
spigot,zpgt
spill,zpel
spinach,zpenc
spine,zpin
spiny,zpine
spirit,zperet
spit,zpet
spittoon,zpitun
spleen,zplen
splendor,zpleNTr
splurge,zplerj
spoke,zpk
sponsor,zponzer
spook,zpuk
spoon,zpun
sporadic,zporadek
sportsman,zpotzman
spotless,zpotl
spouse,zpaus
sppedily,zpedy
sprawl,zprol
sprayer,zprar
spree,zpre
springtime,zpreNGDM
sprinkler,zpreNKlr
sprout,zpraut
spud,zpud
spunky,zpNKe
spurt,zprt
squad,skwod
squalid,skwoled
squander,skwoNTr
squash,skwo$
squeak,skwek
squeeze,skwes
squint,skweNT
squirrel,skwerl
stabilize,stabliz
stack,stak
staff,staf
stage,staj
stagnant,stagnaNT
stair,star
stake,stak
stalk,stok
stamen,staMN
stamp,stamp
stank,staNK
staple,staplr
starch,starc
stark,stark
starling,starleNG
start,start
starts,startz
state,st
statesman,stzman
station,st$
stationery,st$ere
statue,statu
status,status
stay,sta
stead,sTD
steady,sTDe
steal,stel
steam,stem
steamy,steme
steep,step
stein,stin
stem,stem
stencil,sTNzel
step,step
sterling,sterleNG
Stevens,stevnz
stick,stek
sticky,steke
stigma,stegma
stillness,stelnez
stimulate,sDM:u
stimuli,sDMli
stingy,sTNje
stint,steNT
stipulate,step:u
stir,ster
stirrup,sterp
stock,stok
stockholder,stokhoLDr
stocky,stoke
stoic,stok
stole,stol
stomach,sDMak
stoned,stoNT
stonework,stonrk
stony,stone
stool,stul
stop,stop
stoppage,stopj
stopper,stopr
store,stor
storehouse,stor%hus
stores,storz
storm,storm
story,store
stove,stov
stowaway,stowa
straggle,stragl
straighten,straTN
strain,stran
strand,straNT
strange,stranj
strangle,straNGl
strap,strap
strategy,stratje
straw,stro
stray,stra
stream,strem
street,str
strengthen,streNG(n
stretch,strec
striated,strioTD
strict,strk
stride,strid
strike,strik
stringent,strenJD
stripe,strip
strode,strod
stroll,strol
stronghold,stroNGhoLD
strove,strov
structure,strktr
strum,strm
strychnine,strknen
stucco,stuko
stud,stud
studied,sTDed
study,sTDe
stuffy,stufe
stumble,stmb
stun,stn
stupefy,stpf
stupid,stpd
stupor,stpr
sturdy,steRDe
stutter,stutr
sty,sti
styles,stilz
stylus,stilus
styptic,steptek
suave,suav
subcommittee,skmete
subdivide,sDVid
subgroup,sgrup
subjective,zjv
subjunctive,sjNK:v
sublet,zle
subliminal,zleMNl
submerge,smerj
submission,sm$
subordinate,soRDenat
subscribe,sskrib
subsequent,ssek
subside,ssi
subsists,s3z
substantial,ssTN$
substitute,sstet
subterranean,steranean
subtle,sutl
subtract,strk
subtropical,strop:k
subvert,svert
succeed,suksed
successful,sukf
succor,sukr
suck,suk
suddenly,suTNe
suffer,sufr
sugar,$ugr
suicide,susi
suitable,sutb
sulphate,sulfat
sum,sm
summary,smre
summon,sMN
sunbeam,snbem
sundial,sNTiol
sunken,sNKn
sunrise,snriz
superficial,s:fe$
superlative,s:laDV
supervise,s:vis
support,s:t
supposedly,spo:te
supreme,s:m
surely,$ure
surge,zerj
surpass,zerpaz
surrender,zereNTr
surveillance,zervalanz
suspect,3pk
sustain,5TN
swagger,suagr
swamp,suomp
sway,sua
sweat,suet
sweep,suep
swell,suel
swim,suem
Swiss,sues
Switzerland,suetz
sycamore,sekmor
symbol,sembl
symphony,semfne
synchrotron,seNKrotrn
system,5DM
table,tab
tablet,table
tabloid,tabloed
tabulate,tab:u
tacit,tazt
tackle,takl
tact,takt
tactical,takt:k
tactile,taktl
tadpole,tadpol
tag,tag
tailor,talr
tainted,taNTd
taken,takn
talc,talk
talent,taleNT
talk,tok
talked,tokt
tallest,tolez
tally,tale
talon,taln
tambourine,DMbren
tamper,DMpr
tan,tan
tandem,TNDM
tangerine,TNjeren
tangle,taNGl
tank,taNK
tannic,tanek
tantalum,TNtlm
tantamount,TntaMNt
tap,tap
taper,tapr
tardy,taRDe
tart,tart
Tasmanian,tazMNean
tasteless,taztl
taunt,toNT
tavern,tavrn
taxed,taXt
taxi,taXe
Taylor,talr
teach,tec
teachers,tecerz
team,tem
tear,ter
teaspoon,tezpun
technician,tekn$
teeth,te(
telephone,telfn
tell,tel
tells,telz
temper,DMpr
temple,DMpl
ten days,TNdaz
tend,TNd
Tennessee,TN
tent,TNt
term,tem
territory,teretre
terrorist,terrez
testicle,tezt:k
Teutonic,tuTNek
text,teXt
than,(n
thank,(%q
thank you for,(uf
thanksgiving,(:zgevq
that are,(ar
that do not,(adun
that have,(av
that is not,(asn
that it,(at
that it was,(atoz
that it will be,(atlb
that our,(ar
that their,(a)
that there is,(a)z
that these,(a(es
that they are,(a(er
that will,(al
that will not,(aln
that would be,(adb
the,(
their,)
them,(m
then,(n
theory,)ere
there are,)r
there have been,)vb
there may,)ma
there was,)oz
there will,)l
there will not be,)lnb
therefore,)f
thermometer,(eMNetr
these are,(esr
they are,(er
they can,(ek
they can have,(ekv
they cannot,(ekn
they could not,(ekdn
they did not,(eTDn
they do not,(edun
they may,(ema
they must,(emz
they will be,(elb
they will not,(eln
they would,(ed
thick,(ek
thicker,(ekr
thicket,(eket
thickness,(eknez5
thigh,(i
thin,(en
things,(:z
thinker,(:r
thinner,(enr
this,(s
this is,(ss
this will,(sl
thorium,)orem
thorough,)ero
those,(z
though,)o
thousand,(ausNT
three,)re
thrifty,)refte
throb,)rob
through the,)ru(
throw,)ro
thrown,)ron
thud,(ud
thumb,)m
Thursday,)rz
thwack,(wak
thyme,DM
tickle,tekl
tie,ti
tight,tit
till,tel
timber,DMbr
timer,DMr
tin,ten
tine,tin
tint,teNT
tip,tep
tired,tiRD
Titan,titn
tithe,ti(
to,tu
to be able,tba
to begin,tbgen
to borrow,tboro
to buy,tbi
to care,tukar
to cash,tuka$
to cause,tukuz
to check,tcek
to clean,tuklen
to conclude,tkk
to correct,tkr
to feature,tfetr
to figure,tfegr
to find,tfiNT
to gain,tugan
to give,tugev
to go,tug
to have,tv
to have you,tvu
to his,tu%s
to its,tutz
to me,DMe
to pay,tpa
to play,tpla
to put,tp
to see,tze
to ship,t$
to survey,tzerva
to taste,tutazt
to that,tu(a
to their,tu)
to these,tu(es
to trade,tutrad
to travel,tutravl
to verify,tverf
to which,tc
to your,tuu
toast,tozt
toe,to
toga,toga
toil,toel
tolerate,tolrat
Tom,tom
tomb,tum
tone,ton
tonight,TNit
too much,tumc
tool,tul
top,top
topic,topk
topographical,topgraf:k
tore,tor
tortoise,totus
Tory,tore
total,totl
touch,tc
tough,tuf
tournament,turnam
towboat,tobot
towel,taul
town,tn
toxic,toXk
toy,toe
traceable,trazb
trachea,trakea
tracings,traz:z
tract,trk
traction,trak$
trade,trad
trading,tradq
traditional,trad$l
traffic,trafk
tragedy,trajde
trail,tral
trailer,tralr
trained,traNT
trait,trat
trajectory,trajktre
trammel,traml
tramp,tramp
trampled,trampLD
trance,tranz
tranquilize,traNKliz
transact,t:ak
transaction,t:ak$
transcend,t:NT
transcendent,t:NTNT
transcribed,t:kribd
transcription,t:krep$
transferable,t:ferb
transfers,t:ferz
transfix,t:feX
transformation,t:fm$
transformer,t:fmr
transgender,t:JDr
transgression,t:gre$
transient,t:$t
transition,t:e$
translated,t:laTD
translator,t:latr
transmit,t:met
transmitted,t:meTD
transparent,t:pareNT
trap,trap
trappings,trap:z
trash,tra$
traumatic,tromatek
traveler,travlr
treadmill,tredmel
treasure,tre$ur
tree,tre
trek,trek
tremble,trembl
tremor,tremr
trend,treNT
trial,triol
tribe,trib
trick,trek
trill,trel
trinity,trenete
trip,trep
trivial,trevl
troll,trol
trousers,trausrz
truck,truk
true,tru
trump,trmp
trust,trust
try,tri
tub,tub
tube,teub
tubular,tblr
tug,tug
tumble,tmb
tuna,tuna
tungsten,tNGsTN
turban,terbn
turbulence,terblenz
Turkish,terk$
turnip,tenep
turtle,tertl
tutor,tutr
twain,twan
tweet,twet
twig,tweg
twin,twen
twitch,twec
two,tu
tycoon,tikun
typewriter,tipri:r
typical,tep:k
typography,tipgrafe
tyrant,tiraNT
ubiquitous,eubkwetus
ugly,uge
ulcer,ulzer
ultimate,uDMat
ultramodern,utramoden
umber,umbr
umpire,umpir
unaffected,unafk:t
unbiased,nbiozt
uncommon,nkMN
under,u^
underbid,u^bed
underclothes,u^klo)z
undercut,u^kut
underexpose,u^ezpo
undergo,u^g
undergrowth,u^gro)
underline,u^lin
undermine,u^min
underpaid,u^pad
underpay,u^pa
undershirt,u^$ert
understate,u^st
understood,u^stud
undertake,u^tak
undertone,u^ton
undertow,u^to
underwear,u^uar
underworld,u^uu
undimmed,ndeMD
uneasy,uneze
uneven,unevn
unfit,nfet
ungrateful,ngratf
unify,eunf
Unitarian,eunetrean
United States of America,eusa
unknown,unon
unlike,nla
unmatched,n~mact
unproved,nprvd
unripe,nrip
unseasonable,nsesnb
unsolicited,nsolezTD
untested,ntez:t
until,ntel
untouched,ntct
unwell,nl
unwillingly,nl:e
unwind,nuiNT
unwittingly,nuet:e
unworldly,nuue
unwrap,nrap
up,up
upheaval,uphevl
uphill,uphel
upholstery,uphelstre
uplift,upleft
upper,upr
upright,upri
uproar,upror
upshot,up$ot
upstairs,upstarz
Upton,upTN
upturned,upteNT
uranium,euranem
urchin,ercn
urge,erj
urn,ern
Uruguay,eurugwa
usage,eu:j
useful,euf
useless,eul
uselessness,eulnez
uses,eus
USSR,eussr
usually,u$e
usurious,eu$urus
usury,eu$ure
utensil,euTNzel
utilitarianism,eutletreansm
utility,eut:l
utilize,eutliz
Utopia,eutopea
utter,utr
utterly,utre
vacancy,vaknze
vacate,vakat
vaccinate,vaksnat
vaccine,vaksen
vacillation,vasla$
vacuum,vakeum
vagina,vajna
vagrant,vagraNT
vain,van
valance,valenz
valedictory,valedektre
valentine,valenTN
valet,valet
valid,valed
validated,valedaTD
validity,valeTDe
valise,valez
valor,valr
value,vl
valueless,vll
vampire,vampir
Van de Graaff,vandegraf
Vancouver,vankvr
vane,van
vanilla,vanela
vanity,vanete
vantage,vNTj
vapor,vapr
variability,vareb:l
variance,vareanz
variation,varea$
varied,vared
variety,vari
various,varus
varnish,varn$
vascular,vasklr
Vaseline,vaslen
vassal,vasl
vat,vat
vaudeville,vodv
vault,volt
veer,ver
vegetable,vejtb
vegetarianism,vejtreansm
vegetation,vejt$
vehement,vheMNt
vehicle,ve:k
veil,val
vein,van
velocipede,velozped
velvet,velvt
vend,vNT
veneer,vener
venerate,venrat
venereal,venerl
Venezuela,venzwela
vengeful,venjf
venison,vensn
ventilate,vNTlat
ventilator,vNTlatr
ventricle,vNTr:k
venture,vNTr
venue,venu
veranda,veraNTa
verbal,verbl
verbiage,verbj
verbosity,verbozte
verdict,veRDek
verification,ver:f
verily,very
veritable,veretb
verity,v:r
vermicide,vermzi
vermilion,vermeln
Vermont,vt
vernal,vernl
Vernon,vernon
verse,verz
versification,verz:f
versitile,verztl
versus,ver5
vertebrae,vertbre
vertical,vert:k
vertigo,vertego
very,ve
very good,veg
vesicle,ves:k
vessel,vesl
vestal,vestl
vestibule,vestbl
vestigial,vestjeal
veteran,vetran
veterinary,vetrenre
vex,vex
vexed,vext
viability,vib:l
viaduct,vioduk
vibrant,vibraNT
vibration,vibra$
vicar,vekr
vice,vis
vicinity,vesenete
viciously,ve$use
victimize,vekDMis
Victoria,vektrea
victorious,vektrus
video,vedeo
Vienna,vena
vigil,vejel
vignette,venet
vigorous,vegrus
vile,vil
vilify,velf
village,velj
vinaigrette,venagret
vindicate,vNTak
vindictive,vNTekv
vinegar,venegr
vintage,vNTj
violate,violat
violation,viola$
violence,violenz
violently,violeNTe
violets,violez
violinist,violenez
viper,vipr
vireo,vereo
Virgin Islands,verjn*i
virginity,verjnete
virility,ver:l
virtually,vertle
virtuosity,vertozte
virulence,verlenz
virus,virus
visage,vesj
viscosity,veskozte
vise,vis
visible,veb
visionary,ve$are
visitation,veset$
vista,vesta
visualize,ve$uliz
vitality,vit:l
vitally,vity
vitiate,ve$eat
vitrify,vetrf
vituperate,vitrpat
vivacious,viva$us
Vivian,vevean
vividly,vevde
vixen,vexn
vocal,vkl
vocalize,vkliz
vocation,vka$
vocher,vaucr
vodka,vodka
voice,voez
voiceless,voezl
voided,voeTD
volatility,volat:l
volcano,volkano
volley,vole
voltage,voltj
voluble,volb
volumetric,volumetrk
voluntarily,volNTry
volunteer,volNTer
vomit,vomet
voodoo,vudu
voracity,vora$us
votary,votre
voter,votr
vouch,vauc
vowed,vaud
voyage,voej
vulgar,vugr
vulgarly,vugre
vulnerable,vunrb
waddle,uodl
wader,uadr
waffle,uofl
wag,uag
waged,uajd
Wagnerian,vagnrean
waif,uaf
wailings,ual:z
waist,uast
waistcoat,uastkot
wait,uat
waiter,uatr
waive,uav
wake,uak
wakeful,uakf
waken,uakn
walk,uok
Walker,uokr
wall,uol
walled,uoLD
wallets,uolez
wallow,uolo
Wallsend,uolzNT
walrus,uolrus
Walter,uoltr
Walton,uolTN
wampum,uompm
wand,uoNT
wandered,uoNTRD
wane,uan
wangle,uaNGl
want to be,oNTb
warble,uorb
ward,uoRD
warden,uoRDn
wardrobe,uoRDrob
warehouse,uarhus
warily,uary
warm,uorm
warmly,uorme
warn,uorn
Warner,uornr
warrant,uoraNT
warranty,uoraNTe
Warrington,uor:TN
warship,uor:$
wary,uare
was it,ozt
was the,oz(
washable,uo$b
washer,uo$er
washroom,uo$rum
wassail,uosl
wastebasket,uastbazket
wasteful,uastf
wastefulness,uastfnez
watch,uoc
watched,uoct
watchfully,uocfe
watchman,uocman
watchword,uocueRD
watered,uotRD
Waterford,uotrfd
waterlogged,uotrlogd
watermark,uotrmark
watershed,uotr$ed
waterway,uotrwa
watery,uotre
Watson,uotsn
wattage,uotj
wattmeter,uotmetr
wave,uav
wavered,uavRD
wax,uax
waxen,uaxn
waxy,uaxe
wayfarer,uafarr
wayside,uasi
we,ue
we are not,uern
we can't,uekt
we could,uekd
we have not,uevn
we know,ueno
we shall,ue$
we will,uel
we would have,uedv
weaken,ekn
weaker,ekr
weakling,ekleNG
weakness,eknez
wealthiest,l):st
weapon,uepn
wearable,uarb
weary,uere
weather,ue(
weatherproof,ue(prf
weaver,uevr
Webb,ueb
Webster,uebstr
wedding,uedq
wedlock,uedlok
Wednesday,uenz
weeding,uedq
week,ek
weekday,ekda
weep,uep
weft,ueft
weight,uat
weir,uer
weirdly,ueRDe
welcomed,lkMD
welded,ueLDd
well,l
Wellingborough,uel:b
welt,uelt
wench,uenc
went,ueNT
were,er
weren't,erNT
West Indies,uest NTez
western,uesten
Weston,uesTN
whack,huak
whalebone,hualbon
wharf,huorf
what are,otr
what is,otz
what was,otoz
what will be,otlb
whatever,otev
whatsoever,otzov
wheatworm,huetwerm
wheel,huel
wheeled,hueLD
wheelwright,huelri
whelk,huelk
when,en
when that,en(a
when they,en(e
when you,enu
whenever,enev
where,ar
whereas,araz
whereby,arb
wherein,arn
whereon,aron
whereupon,arpn
wherewith,are(
whet,huet
whether or not,hue(orn
which does,cdus
which have,cv
which have not,cvn
which is the,cs(
which may be,cmab
which was,coz
which you,cu
whiff,huef
while,huil
whimper,huempr
whimsey,huemze
whimsically,huemz:ke
whined,huiNT
whir,huer
whirligig,huerlegeg
whisk,huesk
whisper,huezpr
whistle,huesl
white,huit
whiten,huiTN
whither,hue(
whittle,huetl
who are,hur
who have,huv
who is,hus
who will,hul
who would,hud
whole,hol
wholesale,holzal
wholly,hole
whose,hus
why,i
why not,in
wicked,ueked
wicker,uekr
wicket,ueket
widen,uiTN
widespread,uidzpred
widowed,uedod
widowhood,uedo:d
wield,ueLD
wig,ueg
wiggled,uegLD
Wilbur,uelbr
wilderness,ueLDrnez
wile,uil
Wilkes-Barre,uelks bare
will,l
will be able,lba
will be glad,lbgl
will have,lv
will not be,lnb
will not have,lnv
will you,lu
Willard,uelRD
willful,lf
William,uelm
Williamson,uelmsn
Willimantic,ueleMNtek
willingly,l:e
Williston,uelezTN
willow,uelo
Wilmette,uelmet
Wilson,uelsn
wily,uile
win,uen
wind,ueNT
wind,uiNT
windmill,ueNTmel
windowpane,ueNTopan
windshield,ueNT$eLD
windward,ueNT:d
wine,uin
wing,ueNG
wingspread,ueNGzpred
wink,ueNK
Winnetka,uenetka
winnings,uen:z
Winona,uenona
Winslow,uenzlo
winter,ueNTr
Winthrop,uen(rp
wiper,uipr
wired,uiRD
Wisconsin,uesk
wise,uis
wisely,uise
Wishaw,ue$o
wished,u$t
wisp,uezp
wistful,uestf
witch,uec
with,e(
with him,e(hem
with it,e(t
with my,e(~mi
with such,e(zc
with the,e((
with us,e(us
with whom,e(hum
withdraw,e(dro
withered,ue(:t
within the,e(en(
withstand,e(zTN
wittingly,uet:e
wives,uivs
wizardry,uesRDre
woefully,uofe
wolf,uulf
wolfram,uulfram
Wolverhampton,uulvrhamTN
wolves,uulvs
womanhood,uuMN:d
womanly,uuMNe
won,un
wonder,uun
wonderfully,uunfe
wonderment,uun~m
wondrously,uunuse
woo,uu
Wood River,uudrevr
Woodbury,uudbre
wooded,uuTD
woodland,uudlaNT
Woodruff,uudruf
Woodstock,uudstok
woodwork,uudrk
woof,uuf
woolen,uuln
Woonsocket,uunsket
Worcester,uustr
wordplay,ueRDpla
workable,rkb
worker,rk:r
workmanship,rkman:$
workshop,rk$op
worldly,uue
wormy,uurme
worried,uered
worry,uere
worsen,uerzn
worshipped,uer:$:t
worst,uerzt
worthiness,uu(enez
worthless,uu(l
would,d
would be able,dba
would be glad,dbgl
would have been,dvb
would like,dla
would like to know,dlano
would not,dn
would not have been,dnvb
wound,uauNT
wounded,uuNTd
woven,uovn
wraith,ra)
wrangled,raNGLD
wrapper,rapr
wrath,ra)
wreath,re)
wreckage,rekj
wren,ren
wrest,rezt
wrestled,rezLD
wretch,rec
wretchedly,recde
wriggled,regLD
wringer,reNGr
wrinkly,reNKle
writ,ret
write me,rime
writers,ri:rz
written,reTN
wrong,roNG
wrongfully,roNGfe
wrongly,roNGe
wrought,rot
wry,ri
Wycombe,uekm
Xenia,senea
Xerox,zeroX
xyster,5tr
yacht,eot
yak,yak
Yale,yal
yammer,yamr
Yankee,yaNKe
yard,yaRD
yardstick,yaRDstek
yarn,yarn
Yates,yatz
Yazoo City,yasu sete
yea,ya
yearbook,erbuk
yearly,ere
yearnings,yern:z
years ago,erzg
yeast,yest
yell,yel
yellow,yelo
yelp,yelp
yesterday,est
yew,eu
yield,yeLD
yodel,eodl
yoke,eok
Yokohama,eokhama
yon,eon
Yonkers,eoNKrz
York,eork
you,u
you are not,urn
you aren't,urNT
you can be,ukb
you can give,ukgev
you can make,ukmak
you can't,ukt
you cannot have,uknv
you could,ukd
you could have,ukdv
you could not,ukdn
you could see,ukdze
you do,udu
you do not like,udunla
you have,uv
you have had,uvhad
you have not been,uvnb
you knew,unu
you liked,ula:t
you may,uma
you may be able,umaba
you may not,uman
you might be,umitb
you might not,umitn
you must be,umzb
you must have,umzv
you see,use
you should be,u$db
you should have,u$dv
you think,u(q
you wanted,uNTd
you will be,ulb
you will have,ulv
you will see,ulze
you would be,udb
you would have,udv
you would like,udla
you would not be able,udnba
young,euNG
youngest,euNGez
Youngstown,euNGztn
your name,unam
yourself,u%s
youthful,eu)f
ytterbium,eterbem
Yucatan,eukaTN
Yugoslavia,eugozlavea
yuletide,eultid
Yvonne,evn
Zanesville,sanzv
zeal,zel
zealotry,zelotre
zealously,zeluse
zenith,sene(
zephyr,sefr
zero,zero
zigzag,segsag
Zion,sion
Zionist,sionez
zirconium,zerknem
zone,son
zoo,su
Zulu,sulu