word,form
a/an,.
abdomen,a-b-d-o-men
abdominal,a-b-d-o-men-l
ability,a-b--l
able,a-b-l
Abraham,a-b-r-a-h-a-m
about,a-b
about it,a-b-t
about its,a-b-t-left_s
about that,a-b-over_th-a-t
about the,a-b-over_th
about them,a-b-over_th-e-m
about this,a-b-over_th-s
about this matter,a-b-over_th-s-m-a-t-r
about which,a-b-ch
about you,a-b-oo
above,a-b-oo-v
absurd,a-b-left_s-e-rd
abuse,a-b-e-oo-s
accelerated,a-k-left_s-e-l-r-a-ted
accept,a-k-left_s-e-p-t
acceptable,a-k-left_s-e-p-t-b
acceptance,a-k-left_s-e-p-ten-left_s
accepted,a-k-left_s-e-p-ted
accident,a-k-s-e-ten-t
acclaimed,a-k-l-a-md
accompanied,a-k-p-n-e-d
accomplish,a-k-p-l-sh
accomplished,a-k-p-l-sh-t
accomplishment,a-k-p-l-sh-m
accordance,a-k-o-rd-n-left_s
according,a-k-o-rd-ing
accordingly,a-k-o-rd--e
account,a-k-a-oo-nt
account executive,a-k-a-oo-nt--e-s
accounts payable,a-k-a-oo-nt-left_s--p
accuse,a-k-e-oo-s
accused,a-k-e-oo-s-d
ace,a-s
ache,a-k
aches,a-k-s
achieve,a-ch-e-v
achieved,a-ch-e-v-d
acknowledging,a-k-n-o-l-e-j-ing
acknowledgment,a-k-n-o-l-e-j-m
acoustics,a-k-oo-s-t-e-k-s
acquired,a-k-I-_-rd
act,a-k-t
acted,a-k-ted
action,a-k-sh
actions,a-k-sh-s
acting,a-k-t-ing
active,a-k-t-v
activity,a-k-t-v-t-e
actual,a-k-t-l
actuality,a-k-t--l
actually,a-k-t-l-e
actuarial,a-k-t-r-ia-l
actuary,a-k-t-r-a
ad-lib,a-d-l-e-b
add,a-d
added,a-ted
addenda,a-ten-d-a
additional,a-d-sh-l
addresses,a-d-r-e-left_s-s
adds,a-d-left_s
adjustable,a-j-oo-s-t-b
adjusted,a-j-oo-s-ted
adjuster,a-j-oo-s-t-r
administer,a-d-men-e-left_s-t-r
admire,a-d-m-I-r
admired,a-d-m-I-rd
admission,a-d-m-sh
admit,a-d-m-e-t
across the,a-k-r-o-left_s-over_th
admits,a-d-m-e-t-left_s
adopt,a-d-o-p-t
adopted,a-d-o-p-ted
adopting,a-d-o-p-t-ing
adopts,a-d-o-p-t-left_s
adrenalin,a-d-r-e-n-l-e-n
advertisement,a-d
advisable,a-d-v-I-s-b
advisers,a-d-v-I-s-r-left_s
advisory,a-d-v-I-s-r-e
aerial,a-r-ia-l
aerodynamics,a-r-o-d-I-n-a-m-e-k-s
affection,a-f-e-k-sh
affidavit,a-f-d-a-v-t
after,a-f-t-r
afterward,a-f-t-r--d
afterwards,a-f-t-r--d-left_s
again,a-g-n
against,a-g-n-left_s-t
age,a-j
agency,a-j-n-left_s-e
agent,a-j-nt
ages,a-j-s
ago,a-g-o
agree,a-g-r-e
agreeable,a-g-r-e-b
agreed,a-g-r-e-d
agrees,a-g-r-e-left_s
aid,a-d
aileron,a-l-r-n
aim,a-m
air,a-r
air coach,a-r--k-o-ch
air-travel card,a-r-=-t-r-a-v-l--k-a-rd
alarmed,a-l-a-r-md
alert,a-l-e-r-t
alike,a-l-I-k
alive,a-l-I-v
all,o-l
allegations,a-l-e-g-a-sh-s
allies,a-l-I-left_s
allotted,a-l-o-ted
along,a-l-o-ng
along the,a-l-o-ng-over_th
already,o-l-r-e-d-e
also,o-l-s-o
alteration,a-l-t-r-a-sh
although,o-l-under_th-o
altimeter,a-l-t--m
am,m
A.M.,a-+-m
amassed,a-m-a-left_s--t
amazement,a-m-a-left_s-men
ambition,a-m-b-e-sh
amendment,a-men
amortization,a-m-o-r-t-e-left_s-a-sh
amount,a-m-a-oo-nt
amplifier,a-m-p-l-f-Ia-r
amplifiers,a-m-p-l-f-Ia-r-left_s
anaesthesia,a-n-e-left_s-over_th-e-s-ia
analyzes,a-n-l-I-left_s-s
analyzing,a-n-l-I-left_s-ing
analysis,a-n-l-left_s-s
and,nd
angina,a-n-j-n-a
angry,a-ng-r-e
animal,a-n-e-m-l
anniversary,a-n-e-v
announce,a-n-a-oo-n-left_s
announced,a-n-a-oo-n-left_s-t
announcement,a-n-a-oo-n-left_s-m
announcer,a-n-a-oo-n-left_s-e-r
annoy,a-n-oi
annoyance,a-n-o-e-n-left_s
annoyed,a-n-oi-d
annoying,a-n-oi-ing
annual,a-n-l
annually,a-n-l-e
annuity,a-n-e-oo-t-e
another,a-n-oo-over_th-r
answer,a-n-left_s-e-r
answered,a-n-left_s-e-rd
antenna,a-n-ten-a
anti-icing,a-nt-e-=-I-left_s-ing
and are,
antitrust,a-nt-e-t-r-oo-s-t
any,e-n-e
anybody,e-n-e-b-o-d-e
anything,e-n-e--under_th-e-ng
anywhere,e-n-e--a-r
aorta,a-o-r-t-a
apart,a-p-a-r-t
aperture,a-p-r-t-r
apologetic,a-p-o-l-o-j-e-t-e-k
apparatus,a-p-a-r-a-t-oo-s
appeal,a-p-e-l
appear,a-p-e-r
appearance,a-p-e-r-a-n-left_s
appeared,a-p-e-rd
appellate,a-p-e-l-a-t
appendix,a-p-e-nd-e-k-s
apple,a-p-l
apples,a-p-l-left_s
appliance,a-p-l-Ia-n-left_s
appliances,a-p-l-Ia-n-left_s-s
applicants,a-p-l-e-k-nt-left_s
applied,a-p-l-I-d
apply,a-p-l-I
appoint,a-p-o-e-nt
appointment,a-p-oi-nt-m
appointments,a-p-oi-nt-m-left_s
appraiser,a-p-r-a-left_s-e-r
appreciated,a-p-r-e-sh-ia-ted
appreciate,a-p-r-e-sh-ia-t
appreciates,a-p-r-e-sh-ia-t-left_s
apprehension,a-p-r-h-e-n-sh
approaches,a-p-r-o-ch-s
appropriate,a-p-r-o-p-r-ia-t
appropriately,a-p-r-o-p-r-ia-t-e
appropriation,a-p-r-o-p-ia-sh
approval,a-p-r-oo-v-l
approved,a-p-r-oo-v-d
April,a-p-r-e-l
apt,a-p-t
arbitration,a-r-b-t-r-a-sh
are,r
area,a-r-ea
areas,a-r-ea-left_s
argue,a-r-g-e-oo
argued,a-r-g-e-oo-d
arguing,a-r-g-e-oo-ing
argument,a-r-g-e-oo-m
arithmetic,a-r-e-under_th
arm,a-r-m
armed,a-r-md
arms,a-r-m-left_s
Army,a-r-m-e
armies,a-r-m-e-left_s
around,a-r-a-oo-nd
arrange,a-r-a-n-j
arranged,a-r-a-n-j-d
arrangement,a-r-a-n-j-m
arranges,a-r-a-n-j-s
arrears,a-r-e-r-left_s
arrival,a-r-I-v-l
arrive,a-r-I-v
arrived,a-r-I-v-d
art,a-r-t
arteriosclerosis,a-r-t-e-r-+-s
article,a-r-t--k
articles,a-r-t--k-s
arts,a-r-t-left_s
as,a-s
ascend,a-s-e-nd
ashamed,a-sh-a-md
aside,a-s-I-d
ask,a-left_s-k
asked,a-left_s-k-t
asking,a-s-k-ing
asks,a-s-k-s
asset,a-left_s-e-t
assignee,a-s-e-n-e
assignor,a-s-e-n-o-r
assistance,a-left_s-s-ten-left_s
Associated Press,a-+-p
assumed,a-s-e-oo-md
assumption,a-s-m-sh
assure,a-sh-oo-r
assured,a-sh-oo-rd
asthma,a-s-m-a
astonished,a-s-ten-sh-t
at,a-t
at the,a-t-th
as it's,a-s-t-left_s
as the,a-s-over_th
as this,a-s-over_th-s
as though,a-s-under_th-o
as to,a-s-t-oo
as we,a-s-oo-e
as you,a-s-oo
as you are,a-s-oo-r
as you know,a-s-oo-n-o
as you might,a-s-oo-m-
ate,a-t
athletic,a-under_th-l-e-t-e-k
atmosphere,a-t-m-o-left_s
attached,a-t-a-ch-t
attack,a-t-a-k
attain,a-ten
attempt,a-t-e-mt
attempted,a-t-e-mt-d
attend,a-ten-d
attendance,a-ten-ten-left_s
attendants,a-ten-ten-t-left_s
attends,a-ten-d-left_s
attention,a-ten-sh
attenuation,a-ten-e-oo-sh
attitude,a-t-e-t-oo-d
attract,a-t-r-a-k-t
attractive,a-t-r-a-k-t-v
atrophied,a-t-r-f-e-d
atrophy,a-t-r-f-e
athlete,a-th-l-e-t
audience,o-ten-left_s
audio,o-d-ee-o
audiometer,o-d-e--m
audition,o-d-sh
auditors,o-d-e-t-r-left_s
August,o-g-oo-s-t
author,o-under_th-r
authority,o-under_th--r
authorities,o-under_th--r-left_s
authorization,o-under_th-r-e-left_s-a-sh
avail,a-v-a-l
available,a-v-a-l-b
avenue,a-v-n-oo
average,a-v-r-j
averages,a-v-r-j-s
aviation,a-v-ia-sh
avoid,a-v-oi-d
awake,.--oo-a-k
aware,.--oo-a-r
away,.--oo-a
awful,o-f
awnings,o-n--left_s
ax,a-k-s
baby,b-a-b-e
babies,b-a-b-left_s
bacilli,b-a-left_s-e-l-I
bacillus,b-a-left_s-e-l-oo-s
back,b-a-k
backdrop,b-a-k-d-r-o-p
backward,b-a-k--d
bad,b-a-d
back,b-a-k
backward,b-a-k--d
bacteria,b-a-k-t-e-r-ia
baked,b-a-k-t
baker,b-a-k-r
balance,b-a-l-a-n-left_s
balance sheet,b-a-l-sh-e-t
band,b-a-nd
bank,b-a-ngk
banker,b-a-ngk-r
bankrupt,b-a-ngk-r-oo-p-t
bare,b-a-r
bargain,b-a-r-g-n
barked,b-a-r-k-t
barn,b-a-r-n
base,b-a-left_s
baseball,b-a-left_s-b-o-l
basin,b-a-left_s-n
basis,b-a-left_s-s
batch,b-a-ch
Bates,b-a-t-s
bath,b-a-th
bathing,b-a-over_th-ing
bathroom,b-a-over_th-r-oo-m
baths,b-a-over_th-s
bathtub,b-a-over_th-t-oo-b
bats,b-a-t-left_s
batter,b-a-t-r
battering,b-a-t-r-ing
battle,b-a-t-l
battle-ax,b-a-t-l-=-a-k-s
battles,b-a-t-l-left_s
battleship,b-a-t-l-sh-e-p
bay,b-a
be,b
be sure,b-sh-oo-r
beans,b-e-n-s
bearing,b-a-r-ing
bearings,b-a-r--left_s
beating,b-e-t-ing
beauty,b-e-oo-t-e
became,b-k-a-m
because,b-k-o-left_s
become,b-k-m
bed,b-e-d
bedroom,b-e-d-r-oo-m
beef,b-e-f
began,b-e-g-a-n
begin,b-g-e-n
beginner,b-g-e-n-r
beginnings,b-g-e-n--left_s
begins,b-g-e-n-left_s
beheaded,b-h-e-ted
behind,b-h-I-nd
belief,b-l-e-f
belong,b-l-o-ng
below,b-l-o
belt,b-e-l-t
BenDay,b-e-n--d-a
beneficiary,b-e-n-f-e-sh-ia-r-e
been,
before,
before the,b-f-over_th
being,
beings,b--left_s
benefit,b-e-n-f-e-t
benefits,b-e-n-f-e-t-left_s
Bernard,b-r-n-a-rd
berth,b-r-under_th
best,b-e-s-t
best-informed,b-e-s-t-=-n-f-md
bet,b-e-t
betray,b-t-r-a
better,b-e-t-r
Better Business Bureau,b b--b
bibliography,b-e-b
bickering,b-e-k-r-ing
bicycled,b-I-left_s--k-d
bid,b-e-d
big,b-e-g
biggest,b-g-e-s-t
bill,b-e-l
bill of lading,b-e-l-l-a-d-ing
bills,b-e-l-s
bin,b-e-n
binaural,b-e-n-o-r-l
bind,b-I-nd
binder,b-I-nd-r
bindery,b-I-nd-r-e
binds,b-I-nd-left_s
biopsy,b-Ia-p-left_s-e
bit,b-e-t
bites,b-I-t-left_s
bits,b-e-t-left_s
bitter,b-e-t-r
black,b-l-a-k
blame,b-l-a-m
blamed,b-l-a-md
blames,b-l-a-m-s
blaming,b-l-a-m-ing
blank,b-l-a-ngk
blanket,b-l-a-ngk-e-t
blanket policy,b-l-a-ngk–e-t--p
bleed,b-l-e-d
bleeding,b-l-e-d-ing
blinded,b-l-I-nd-ted
blizzard,b-l-e-left_s-a-rd
blood,b-l-oo-d
blood count,b-+-k-a-oo-nt
blue,b-l-oo
Blue's,b-l-oo-s
blunders,b-l-nd-r-left_s
board of directors,b-+-d-r
boating,b-o-t-ing
boats,b-o-t-s
bodily,b-o-d-e
body,b-o-d-e
boil,b-oi-l
boiler,b-oi-l-r
boiling,b-oi-l-ing
bold,b-o-ld
bolder,b-o-ld-r
boldface,b-o-ld-f-a-s
bolometer,b-o-l--m
bona fide,b-o-n-a--f
bonds,b-o-nd-left_s
bone,b-o-n
bonus,b-o-n-oo-s
book,b-oo-k
booked,b-oo-k-t
booklet,b-oo-k-l-e-t
books,b-oo-k-s
bordering,b-o-rd-r-ing
bored,b-o-rd
born,b-o-r-n
boss,b-o-left_s
both,b-o-under_th
bother,b-o-under_th-r
bottles,b-o-t-l-left_s
bottom,b-o-t-m
bought,b-o-t
bound,b-a-oo-nd
bouts,b-a-oo-t-left_s
bowling,b-o-l-ing
boy,b-oi
boys,b-oi-left_s
bracelet,b-r-a-left_s-l-e-t
bracket,b-r-a-k-e-t
brag,b-r-a-g
brain,b-r-a-n
brakes,b-r-a-k-s
brand,b-r-a-nd
brand-new,b-r-a-nd-=-n-oo
braver,b-r-a-v-r
break,b-r-a-k
breakfast,b-r-e-k-f-a-s-t
brief,b-r-e-f
briefcases,b-r-e-f-k-a-s-left_s
briefly,b-r-e-f-e
bright,b-r-I-t
brightly,b-r-I-t-e
brilliance,b-r-e-l-ia-n-left_s
bring,b-r-e-ng
bringing,b-r-e-ng-ing
broad,b-r-o-d
broadcast,b-r-o-d-k-a-s-t
broader,b-r-o-d-r
broadly,b-r-o-d-e
brochure,b-r-o-sh-oo-r
broken,b-r-o-k-n
broker,b-r-o-k-r
bronchitis,b-r-o-ngk-I
bronze,b-r-o-n-left_s
broom,b-r-oo-m
brother,b-r-oo-over_th-r
brought,b-r-o-t
brown,b-r-a-oo-n
brush,b-r-oo-sh
brushing,b-r-oo-sh-ing
bubble,b-oo-b
buddy,b-oo-d-e
Buffalo,b-o-f-l-o
build,b-e-ld
builder,b-e-ld-r
building,b-e-ld-ing
buildings,b-e-ld--left_s
built,b-e-l-t
bulletin,b-oo-l-e-ten
bunk,b-ngk
Burchell,b-r-sh-e-l
burden,b-rd-n
bureau,b-e-oo-r-o
buried,b-e-r-e-d
burglary,b-g-l-r-e
burn,b-r-n
burned,b-r-nd
busier,b-e-left_s-e-r
bushes,b-oo-sh-s
businessman,b-e-left_s-n-e-s-m-a-n
bust,b-oo-s-t
busy,b-e-left_s-e
busily,b-e-left_s-e-e
but,b-oo-t
but,b-t
button,b-oo-ten
buy,b-I
buyer,b-I-r
by,b
bylaws,b-l-o-left_s
by the,
by them,b-over_th-e-m
by this,b-over_th-s
cabin,k-a-b-n
cabinet,k-a-b-n-e-t
cable,k-a-b
cabled,k-a-b-ld
cage,k-a-j
cake,k-a-k
calibration,k-a-l-e-b-r-a-sh
call,k-o-l
called,k-a-ld
calls,k-o-l-left_s
calm,k-a-m
came,k-a-m
cameramen,k-a-m-r-a-men
camping,k-a-m-p-ing
can,k-a-n
can be,k-a-n-b
cancellation,k-a-n-left_s-e-l-a-sh
canned music,k-a-nd--m-oo-s-e-k
can't,k-a-nt
cap,k-a-p
capable,k-a-p-b
capacity,k-a-p-a-left_s-t-e
capital gains,k-a-p-t-a-l--g-s
capitalization,k-a-p-t-l-s-a-sh
capitalize,k-a-p-t-l-I-left_s
capitol,k-a-p-t-l
captain,k-a-p-ten
captains,k-a-p-ten-left_s
captions,k-a-p-sh-s
card,k-a-rd
cardiac,k-a-rd-ia-k
care,k-a-r
career,k-r-e-r
careful,k-a-r-f
carefully,k-a-r-f-e
careless,k-a-r-l-e-left_s
cares,k-a-r-left_s
cars,k-a-r-s
carried,k-a-r-e-d
carrier,k-a-r-e-r
carry,k-a-r-e
cartoon,k-a-r-t-oo-n
case,k-a-s
cases,k-a-s-left_s
cash,k-a-sh
cash value,k-a-sh--v
cashed,k-a-sh-t
cashier,k-a-sh-e-r
cashiers,k-a-sh-e-r-left_s
casters,k-a-s-t-r-left_s
casualty,k-a-sh-oo--l
catalog,k-a-t-l-o-g
catch,k-a-ch
cathode ray,k-a-over_th-o-d--r-a
cause,k-o-s
causes,k-o-left_s-s
caution,k-o-sh
cautioned,k-o-sh-d
cautions,k-o-sh-s
ceased,s-e-s-t
census,s-e-n-left_s-s
center spread,s-e-nt-r-left_s-p-r-e-d
central,s-e-nt-r-l
centralize,s-e-nt-r-l-I-left_s
century,s-e-nt-r-e
cereal,left_s-e-r-ia-l
cerebral,left_s-e-r-e-b-r-l
certain,left_s-e-r-ten
certificate,left_s-e-r-t-f-k-a-t
certified check,left_s-e-r-t-ch-e-k
certify,left_s-e-r-t-f-I
chain,ch-a-n
chair,ch-a-r
chairman,ch-a-r-m-a-n
chairmen,ch-a-r-men
chairs,ch-a-r-s
chamber,ch-a-m-b-r
Chamber of Commerce,ch-+-k
chambers,ch-a-m-b-r-s
chance,ch-a-n-s
chances,ch-a-n-left_s-s
chandelier,sh-a-nd-l-e-r
change,ch-a-n-j
changed,ch-a-n-j-d
changes,ch-a-n-j-s
changing,ch-a-n-j-ing
chaos,k-a-oo-left_s
character,k-a-r-a-k-t-r
character count,k-a-r-a-k-t-r--k-a-oo-nt
charge,ch-a-r-j
charged,ch-a-r-j-d
charity,ch--r
charm,ch-a-r-m
charming,ch-a-r-m-ing
chattel mortgage,ch-+-m-o-r-g-j
checks,ch-e-k-s
checked,ch-e-k-t
checking,ch-e-k-ing
cheer,ch-e-r
cheerful,ch-e-r-f
cheerfully,ch-e-r-f-e
cheering,ch-e-r-ing
cheers,ch-e-r-s
chemical,k-e-m--k
chemically,k-e-m--k-e
chemicals,k-e-m--k-s
chemist,k-e-m-e-left_s-t
cherished,ch-e-r-sh-t
cherishes,ch-e-r-sh-s
chest,ch-e-s-t
chicken,ch-e-k-n
chickens,ch-e-k-n-left_s
chief,ch-e-f
child,ch-I-ld
children,ch-e-ld-r-e-n
chilly,ch-e-l-e
China,ch-I-n-a
Chinese,ch-I-n-e-left_s
chivalrous,ch-e-v-l-r-oo-s
choice,ch-oi-left_s
chooses,ch-oo-s-left_s
chopped,ch-o-p-t
chopping,ch-o-p-ing
chose,ch-o-s
chuckle,ch-oo-k-l
church,ch-e-r-ch
circuit,left_s-e-r-k-e-t
circuits,left_s-e-r-k-e-t-left_s
civil,s-e-v-l
civilization,s-e-v-l-e-left_s-a-sh
claim,k-l-a-m
claimant,k-l-a-men-t
claimed,k-l-a-md
clarity,k-l--r
clash,k-l-a-sh
class,k-l-a-left_s
classic,k-l-a-left_s-k
classified advertising,k-l-a-left_s-f-I-d--a-d-ing
clause,k-l-o-left_s
clean,k-l-e-n
cleaned,k-l-e-nd
cleaning,k-l-e-n-ing
clear,k-l-e-r
clearance,k-l-e-r-a-n-left_s
cleared,k-l-e-rd
clearer,k-l-e-r-r
clears,k-l-e-r-s
clerical,k-l-e-r--k
clerk,k-l-e-r-k
clerks,k-l-e-r-k-s
clever,k-l-e-v-r
climb,k-l-I-m
climbed,k-l-I-md
client,k-l-Ia-nt
clientele,k-l-Ia-nt-e-l
cling,k-l-e-ng
clock,k-l-o-k
close,k-l-o-left_s
close-up,k-l-o-left_s-oo-p
closed,k-l-o-left_s-d
closer,k-l-o-left_s-e-r
closes,k-l-o-left_s-s
closet,k-l-o-s-e-t
closing,k-l-o-s-ing
cloth,k-l-o-under_th
clothe,k-l-o-under_th
clothed,k-l-o-under_th-d
cloud,k-l-a-oo-d
clouds,k-l-a-oo-d-left_s
club,k-l-oo-b
clubs,k-l-oo-b-left_s
clutch,k-l-oo-ch
coast,k-o-left_s-t
coat,k-o-t
coaxial,k-o-a-k-s-ia-l
cockpit,k-k-p-e-t
cocoon,k-k-oo-n
code,k-o-d
codicil,k-o-d-left_s-e-l
coffee,k-o-f-e
coinsurance,k-o-n-sh
coinsurer,k-o-n-sh-oo-r-r
cold,k-o-ld
colitis,k-o-l-I
collapsible,k-o-l-a-p-left_s-b
collateral,k-o-l-a-t-r-l
collect,k-o-l-e-k-t
collectable,k-o-l-e-k-t-b
collecting,k-o-l-e-k-t-ing
collection,k-o-l-e-k-sh
collective bargaining,k-o-l-b-a-r-g-n-ing
college,k-o-l-e-j
color,k-oo-l-r
colors,k-oo-l-r-left_s
Columbus,k-o-l-m-b-oo-s
column,k-o-l-m
columns,k-o-l-m-left_s
combine,k-b-I-n
combined,k-b-I-nd
combing,k-o-m-ing
come,k-m
comedians,k-m-e-d-ia-n-left_s
comfortable,k-f-t-b
coming,k-m-ing
comment,k-men-t
commentator,k-men-t-a-t-r
commercial,k-m-e-r-sh-l
commercials,k-m-e-r-sh-l-left_s
commitment,k-m-e-t-m
commodity,k-m-o-d-e-t-e
common stock,k-s-t-o-k
communication,k-m-oo-n-e-c-a-sh
commuter,k-m-oo-t-r
commuters,k-m-oo-t-r-left_s
company,k-p-n-e
companies,k-p-n-e-left_s
company's,k-p-n-e-left_s
comparative,k-p-a-r-a-t-v
compare,k-p-a-r
compartment,k-p-a-r-t-m
compel,k-p-e-l
competent,k-p-ten-t
competition,k-p-t-sh
competitor,k-p-e-t-e-t-r
competitors,k-p-e-t-e-t-r-left_s
complain,k-p-l-a-n
complained,k-p-l-a-nd
complains,k-p-l-a-n-left_s
complaint,k-p-l-a-nt
complete,k-p-l-e-t
completed,k-p-l-e-ted
completely,k-p-l-e-t-e
complicated,k-p-l-e-k-a-ted
complied,k-p-l-I-d
compliment,k-p-l-e-m
complimentary,k-p-l-e-m-r-e
comply,k-p-l-I
compose,k-p-o-left_s
compound,k-p-a-oo-nd
compounded,k-p-a-oo-nd-ted
compromise,k-p-r-o-m-I-left_s
computation,k-p-e-oo-t-sh
compute,k-p-e-oo-t
computed,k-p-e-oo-ted
computer,k-p-e-oo-t-r
conceal,k-left_s-e-l
concealing,k-left_s-e-l-ing
conceivably,k-s-e-v-b-e
conceived,k-s-e-v-d
conceives,k-s-e-v-s
concentrate,k-s-e-nt-r-a-t
concentric,k-s-e-nt-r-e-k
concern,k-left_s-e-r-n
concerned,k-left_s-e-r-nd
conclude,k-k-l-oo-d
condenser,k-ten-left_s-e-r
conditions,k-d-sh-s
conduct,k-d-oo-k-t
conductor,k-d-oo-k-t-r
conference,k-f-e-r-e-n-left_s
confidently,k-f-ten-t-e
confronted,k-f-r-nt-ted
consequence,k-s-e-k
consequent,k-s-e-k
consequently,k-s-e-k-e
considerable,k-s-e-d-r-b
constant,k-s-ten-t
constantly,k-s-ten-t-e
constellation,k-s-t-e-l-a-sh
consult,k-s-oo-l-t
consumer,k-s-e-oo-m-r
contact,k-t-a-k-t
contain,k-ten
contained,k-ten-d
container,k-ten-r
containing,k-ten-ing
contemplation,k-t-e-m-p-l-a-sh
contented,k-ten-ted
contest,k-t-e-left_s-t
contests,k-t-e-left_s-t-left_s
continent,k-ten-nt
contingency,k-ten-j-n-left_s-e
continued,k-ten-oo-d
contract,k-t-r-a-k-t
contradict,k-t-r-a-d-e-k-t
contrary,k-t-r-r-e
contributing,k-t-r-e-b-e-oo-t-ing
contributions,k-t-r-e-b-e-oo-sh-s
control,k-t-r-o-l
control tower,k-t-r-o-l-+-t
convenience,k-v-e-n
convenient,k-v-e-n
conveniently,k-v-e-n-e
convent,k-v-nt
conversation,k-v-e-r-left_s-a-sh
conversations,k-v-e-r-left_s-a-sh-s
converter,k-v-e-r-t-r
convicted,k-v-e-k-ted
convincingly,k-v-e-n-left_s--o
cookbook,k-oo-k-b-oo-k
cooked,k-oo-k-t
cooking,k-oo-k-ing
cool,k-oo-l
cooperation,k-o-o-p-r-a-sh
copy,k-o-p-e
copied,k-o-p-e-d
copyright,k-o-p-e-r-I-t
core,k-o-r
corn,k-o-r-n
cornea,k-o-r-n-ia
corner,k-o-r-n-r
corporation,k-o-r-p-r-a-sh
correct,k-o-r-e-k-t
Corsican,k-o-r-s-e-k-n
cost,k-o-left_s-t
costs,k-o-left_s-t-left_s
costume,k-o-left_s-t-oo-m
counsel,k-a-oo-n-left_s-e-l
count,k-a-oo-nt
counted,k-a-oo-nt-ted
counterclaim,k-k-l-a-m
counterfeit,k-a-oo-nt-r-f-e-t
country,k-nt-r-e
couple,k-oo-p-l
coupon,k-oo-p-n
course,k-o-r-left_s
courses,k-o-r-left_s-s
courteous,k-r-t-oo-s
courteously,k-r-t-oo-s-e
courtroom,k-o-r-t-r-oo-m
courts,k-o-r-t-left_s
cousin,k-oo-s-n
cover,k-oo-v-r
coverage,k-oo-v-r-j
could,
could be,
could have,
couldn't,
covered,k-o-v-rd
covering,k-oo-v-r-ing
covers,k-o-v-r-left_s
cow,k-a-oo
cowering,k-a-oo-r-ing
cows,k-a-oo-s
crackling,k-r-a-k-l-ing
cranny,k-r-a-n-e
create,k-r-ea-t
created,k-r-ea-ted
creation,k-r-ea-sh
creative,k-r-ea-t-v
creature,k-r-e-t-r
credential,k-r-e-ten-sh-l
credentials,k-r-e-ten-sh-l-left_s
creditors,k-r-e-d-e-t-r-left_s
crescendo,k-r-e-sh-nd-o
crime,k-r-I-m
criminal,k-r-e-men-l
cringes,k-r-e-n-j-s
cripple,k-r-e-p-l
crisis,k-r-I-left_s-s
critically,k-r-e-t--k-e
criticizes,k-r-e-t-left_s-I-left_s-s
critter,k-r-e-t-r
crop,k-r-o-p
cropping,k-r-o-p-ing
crops,k-r-o-p-left_s
cross,k-r-o-left_s
cross-examination,k-r-o-left_s-e-left_s
crossed,k-r-o-left_s-t
crossing,k-r-o-left_s-ing
crowd,k-r-a-oo-d
crowded,k-r-a-oo-ted
crying,k-r-I-ing
cumulative,k-e-oo-m-l-a-t-v
curious,k-e-oo-r-oo-s
currency,k-r-e-n-left_s-e
current,k-r-e-nt
custom,k-oo-s-t-m
customary,k-oo-s-t-m-r-e
customer,k-oo-s-t-m-r
cut,k-oo-t
cutaneous,k-e-oo-ten-oo-s
cuts,k-oo-t-left_s
cutting,k-oo-t-ing
cyclotron,s-I-k-l-o-t-r-o-n
daily,d-a-e
damaged,d-a-m-j-d
damages,d-a-m-j-s
damp,d-a-m-p
dancer,d-a-n-left_s-e-r
dared,d-a-rd
daring,d-a-r-ing
dark,d-a-r-k
darken,d-a-r-k-n
darkness,d-a-r-k-n-e-left_s
darted,d-a-r-ted
dash,d-a-sh
dashes,d-a-sh-s
date,d-a-t
dates,d-a-t-left_s
daughter,d-o-t-r
Dave,d-a-v
Dave's,d-a-v-s
dawn,d-o-n
day,d-a
days,d-a-left_s
days of grace,d-a-left_s-g-r-a-left_s
de-icing,d-I-left_s-ing
deadline,ted-l-I-n
deal,d-e-l
dealer,d-e-l-r
dealers,d-e-l-r-s
dealing,d-e-l-ing
Dean,d-e-n
dear,d-e-r
dearer,d-e-r-r
death,d-e-over_th
debentures,d-b-e-nd-r-left_s
debt,d-e-t
decade,d-e-k-a-d
December,d-e-left_s
decibel,d-left_s-e-b-e-l
decide,d–s-I-d
decided,d-s-I-ted
deceived,d-s-e-v-d
decision,d-s-e-sh
deck,d-e-k
declared,d-e-k-l-a-rd
decline,d-e-k-l-I-n
decorations,d-e-k-r-a-sh-s
decreasing,d-e-c-r-e-s-ing
dedicated,ted-e-k-a-ted
deduct,ted-oo-k-t
deductible,ted-oo-k-t-b
deductions,ted-oo-k-sh-s
deed,d-e-d
deeds,d-e-d-s
deep,d-e-p
deep etch,d-e-p--e-ch
deficit,d-f-e-s-e-t
define,d-f-I-n
definite,d-f-n-e-t
degree,d-e-g-r-e
degrees,d-e-g-r-e-left_s
delay,d-l-a
delete,d-l-e-t
deliver,d-l-e-v-r
delivered,d-l-e-v-rd
democracies,d-e-m-o-k-r-left_s-e-left_s
dentist,ten-t-e-left_s-t
deny,ten-I
department,d-p-a-r-t-m
depend,d-p-e-nd
dependable,d-p-e-nd-b
dependent,d-p-e-nd-nt
deport,d-p-o-r-t
depository,d-p-o-left_s-t-r-e
depressed,d-p-r-e-left_s-t
depression,d-p-r-e-sh
descend,d-s-e-nd
described,d-left_s-k-r-I-b-d
deserve,d-left_s-e-r-v
deserves,d-left_s-e-r-v-s
deserving,d-left-s-e-r-v-ing
desiccant,d-s-e-k-nt
designer,d-s-I-n-r
desirable,d-left_s-I-r-b
desire,d-left_s-I-r
desk,d-e-s-k
desolated,d-left_s-o-l-a-ted
despair,d-left_s-p-a-r
despairingly,d-left_s-p-a-r--e
despairs,d-left_s-p-a-r-left_s
despite,d-left_s-p-I-t
destination,d-left_s-ten-sh
destroy,d-left_s-t-r-oi
destroyed,d-left_s-t-r-oi-d
details,d-e-t-a-l-left_s
detain,d-e-ten
detector,d-e-t-e-k-t-r
determination,d-e-t-e-r-men-sh
developed,d-v-e-l-o-p-t
develops,d-v-e-l-o-p-left_s
devoted,d-v-o-ted
devour,d-v-a-oo-r
devoured,d-v-a-oo-rd
dial,d-Ia-l
dialogue,d-Ia-l-o-g
dictated,d-e-k-t-a-ted
dictation,d-e-k-t-sh
dictionary,d-e-k-sh-a-r-e
did,d-e-d
didn't,d-e-d-nt
die,d-I
died,d-I-d
diet,d-Ia-t
dieted,d-Ia-ted
diets,d-Ia-t-left_s
difference,d-f-r-e-n-left_s
dig,d-e-g
digging,d-e-g-ing
digital computer,d-j-k-p-e-oo-t-r
dignity,d-e-g-n-e-t-e
dining,d-I-n-ing
dinner,ten-r
dinners,ten-r-left_s
diode,d-Ia-d
dip,d-e-p
diploma,d-p-l-o-m-a
direct,d-r-e-k-t
direct mail,d-r-e-k-m-a-l
directional,d-r-e-k-sh-l
directly,d-r-e-k-t-e
director,d-r-e-k-t-r
dirt,d-e-r-t
disability clause,d-left_s-a-b l--k-l-o-left_s
disappoint,d-left_s-a-p-oi-nt
disappointed,d-left_s-a-p-oi-nt-ted
disappointment,d-left_s-a-p-oi-nt-m
disbursement,d-left_s-b-r-left_s-m
disciplinary,d-left_s-p-l-e-n-r-e
discount,d-left_s-k-a-oo-nt
discover,d-left_s-k-oo-v-r
discovered,d-left-s-k-oo-v-rd
discrepancy,d-left_s-k-r-e-p-n-left_s-e
discussed,d-left_s-k-oo-s-t
discussing,d-left_s-k-o-s-ing
discussion,d-left_s-k-oo-sh
difficult,
difficulties,d-f-k-e-s
difficulty,d-f-k-e
disgust,d-left_s-g-oo-s-t
disk,d-e-left_s-k
disk jockey,d-e-left_s-k--j-o-k-e
disparagingly,d-left_s-p-a-r-j--e
dispel,d-left_s-p-e-l
displace,d-left_s-p-l-a-left_s
displaced,d-left_s-p-l-a-left_s-t
displacement,d-left_s-p-l-a-m
display,d-left_s-p-l-a
displayed,d-left_s-p-l-a-d
disposal,d-left_s-p-o-left_s-a-l
dispose,d-left_s-p-o-left_s
disposed,d-left_s-p-o-left_s-d
dispute,d-left_s-e-oo-t
disputed,d-left_s-e-oo-ted
disputes,d-left_s-e-oo-t-left_s
dissolution,d-left_s-o-l-sh
dissolve,d-left_s-o-l-v
dissolved,d-left_s-o-l-v-d
distance,d-left_s-ten-left_s
distortion,d-left_s-t-o-r-sh
distressed,d-left_s-t-r-e-left_s-t
district,d-left_s-t-r-e-k-t
disturbed,d-left_s-t-e-r-b-d
distribution,d-left_s-t-r-e-b-e-oo-sh
divide,d-v-I-d
dividend,d-v-ten-d
dividends,d-v-ten-d-left_s
division,d-v-e-sh
divorce,d-v-o-r-left_s
do,d-oo
do it,d-oo-t
doing,d-oo-ing
do you,d-oo-oo
doctors,d-o-k-t-r-left_s
document,d-o-k-e-oo-m
documentary,d-o-k-e-oo-m-r-e
does,d-oo-s
doesn't,d-oo-s-nt
dog,d-o-g
doing,d-oo-ing
dollar,d-o-l-r
dominated,d-o-men-a-ted
dome,d-o-m
dominoes,d-o-men-o-left_s
done,d-n
donor,d-o-n-r
don't,d-o-nt
door,d-o-r
dots,d-o-t-left_s
doubt,d-a-oo-t
doubtful,d-a-oo-t-f
dough,d-o
down,d-a-oo-n
downfall,d-a-oo-n-f-o-l
downward,d-a-oo-n--d
dozen,d-oo-s-n
drag,d-r-a-g
dragon,d-r-a-g-n
dragon-slaying,d-r-a-g-n-=-left_s-l-a-ing
dragons,d-r-a-g-n-left_s
drawback,d-r-o-b-a-k
drawer,d-r-o-r
drawing account,d-r-o-ing--a-k-a-oo-nt
dreams,d-r-e-m-left_s
dress,d-r-e-left_s
dressed,d-r-e-left_s-t
dresses,d-r-e-left_s-s
dressers,d-r-e-left_s-e-r-left_s
dressing,d-r-e-left_s-ing
dressmaking,d-r-e-left_s-m-a-k-ing
drilled,d-r-e-ld
drink,d-r-e-ngk
drinking,d-r-e-ngk-ing
driven,d-r-e-v-n
driver,d-r-I-v-r
driving,d-r-I-v-ing
dropped,d-r-o-p-t
drove,d-r-o-v
druggist,d-r-oo-g-e-s-t
drunk,d-r-ngk
dry,d-r-I
due,d-oo
dues,d-oo-s
dug,d-oo-g
dull,d-oo-l
dummies,d-m-e-left_s
dummy,d-m-e
Dumont,d-oo-m-o-nt
dumped,d-m-p-t
dun,d-n
durable,d-r-b
during,d-r-ing
duty,d-oo-t-e
dwarf,d-o-_-r-f
dying,d-I-ing
Dyer,d-Ia-r
dyes,d-I-left_s
dyestuffs,d-I-s-t-oo-f-s
dyke,d-I-k
each,e-ch
editor-in-chief,e-d-+-ch
eager,e-g-r
eagerly,e-g-r-e
ear,e-r
early,e-r-e
earlier,e-r-e-r
earn,e-r-n
earned,e-r-nd
earnest,e-r-n-e-s-t
earnestly,e-r-n-e-left_s-t-e
earnings,e-r-n--left_s
earns,e-r-n-left_s
ears,e-r-left_s
easier,e-left_s-e-r
ease,e-s
easier,e-left_s-e-r
easily,e-s-e-e
east,e-s-t
eastbound,e-s-t-b-a-oo-nd
easy,e-s-e
eat,e-t
each day,e-ch-d-a
each days,e-ch-d-a-s
each other,e-ch-oo-over_th-r
eaten,e-ten
eating,e-t-ing
eats,e-t-s
echelon,e-sh-e-l-n
edema,e-d-e-m-a
edges,e-j-s
Edison,e-d-s-n
educated,e-d-oo-k-a-ted
education,e-d-oo-k-a-sh
Eerie,e-r-e
effect,e-f-e-k-t
effective,e-f-e-k-t-v
efficiency,e-f-e-sh-n-left_s-e
efficiently,e-f-e-sh-nt-e
effort,e-f-t
egg,e-g
eggs,e-g-s
either,e-under_th-r
election,e-l-e-k-sh
electives,e-l-e-k-t-v-s
electrode,e-l--d
electronic,e-l--n-e-k
elephant,e-l-f-nt
elephants,e-l-f-nt-left_s
elevator,e-l-v-a-t-r
elevators,e-l-v-a-t-r-left_s
elimination,e-l-e-men-sh
eliminate,e-l-e-men-a-t
Ellis,e-l-e-s
else,e-l-left_s
embarrassed,e-m-b-a-r-a-left_s-t
emcee,e-m-left_s-e
emergency,e-m-e-r-j-n-left_s-e
employee,e-m-p-l-oi-e
employees,e-m-p-l-oi-e-left_s
empty,e-mt-e
emptying,e-mt-e-ing
enabled,e-n-a-b-ld
enclosed,e-n-k-l-o-left_s-d
enclosing,e-n-k-l-o-left_s-ing
end,e-nd
endless,e-nd-l-e-left_s
energies,e-n-e-r-j-e-s
engaged,e-n-g-a-j-d
engaging,e-n-g-a-j-ing
engine,e-n-j-n
engines,e-n-j-n-left_s
engineering,e-n-j-n-e-r-ing
engineers,e-n-j-n-e-r-left_s
engraving,e-n-g-r-a-v-ing
enjoyed,e-n-j-oi-d
enjoying,e-n-j-oi-ing
enjoys,e-n-j-oi-left_s
enroll,e-n-r-o-l
enrolled,e-n-r-o-ld
entail,e-nt-a-l
enter,e-nt-r
entered,e-nt-rd
entering,e-nt-r-ing
enterprise,e-nt-r-p-r-I-left_s
enterpriser,e-nt-r-p-r-I-left_s-e-r
entirely,e-nt-I-r-e
entitled,e-nt-I-ld
entry,e-nt-r-e
envelope,e-n-v-e-l-o-p
envious,e-n-v-oo-s
epitaph,e-p-t-a-f
equal,e-k-l
equally,e-k-l-e
equals,e-k-l-left_s
equip,e-k-e_p
equipped,e-k-e_p-t
equipment,e-k-e_p-m
equips,e-k-e_p-left_s
equitable,e-k-e_t-b
erase,e-r-a-left_s
errata,e-r-a-t-a
error,e-r-r
escape,e-s-k-a-p
escaped,e-s-k-a-p-t
escort,e-s-k-o-r-t
escrow,e-s-k-r-o
esophagus,e-left_s-o-f-a-g-oo-s
essential,e-s-n-sh-l
established,e-s-t-a-b-l-sh-t
establishment,e-s-t-a-b-l-sh-m
estate,e-s-t-a-t
estimate,e-s-t-e-m-a-t
estimation,e-s-t-e-m-sh
estoppel,e-s-t-o-p-l
etch,e-ch
ethics,e-over_th-e-k-s
European,e-oo-r-o-p-n
even,e-v-n
evening,e-v-n-ing
evenings,e-v-n--left_s
event,e-v-nt
eventual,e-v-nt-l
eventually,e-v-nt-l-e
ever,e-v-r
every,e-v-r-e
everybody,e-v-r-e-b-o-d-e
everyone,e-v-r-e--oo-oo-n
everywhere,e-v-r-e--a-r
evidence,e-v-ten-left_s
evident,e-v-ten-t
evidently,e-v-ten-t-e
exact,e-s-a-k-t
exactly,e-x-a-k-t-e
examination,e-left_s-a-men-sh
examine,e-left_s-a-men
examined,e-left_s-a-men-d
examines,e-left_s-a-men-left_s
exasperating,e-left_s-a-left_s-p-r-a-t-ing
exceeded,e-s-e-ted
exceedingly,e-s-e-d--e
excel,e-left_s-e-l
excelled,e-left_s-e-ld
excellent,e-left_s-e-l-e-nt
except,e-left_s-e-p-t
exceptional,e-left_s-e-p-sh-l
excitedly,e-s-I-ted-e
exclusive,e-s-k-l-oo-s-v
executive,e-s
exercises,e-left_s-e-r-left_s-I-left_s-s
exhaustion,e-s-o-left_s-sh
exciting,e-s-I-t-ing
existed,e-s-e-s-ted
exists,e-s-e-s-t-left_s
existence,e-s-e-s-ten-left_s
expect,e-left_s-p-e-k-t
expectancy,e-left_s-p-e-k-ten-left_s-e
expedite,e-left_s-p-d-I-t
expend,e-left_s-p-e-nd
expenditure,e-left_s-p-e-nd-e-t-r
expenditures,e-left_s-p-e-nd-e-t-r-left_s
expenses,e-left_s-p-n-left_s-s
expensive,e-left_s-p-n-left_s-v
expensively,e-left-s-p-n-left_s-v-e
experience,e-left_s-p-e-r-e-n-left_s
experienced,e-left_s-p-e-r-e-n-left_s-t
experiences,e-left_s-p-e-r-e-n-left_s
experiment,e-left_s-p-r-e-m
expert,e-left_s-p-r-t
expiration,e-left_s-p-r-a-sh
expired,e-left_s-p-I-rd
explain,e-left_s-p-l-a-n
explained,e-left_s-p-l-a-nd
explaining,e-left_s-p-l-a-n-ing
explanation,e-left_s-p-l-a-n-sh
explored,e-left_s-p-l-o-rd
export,e-left_s-p-o-r-t
exports,e-left_s-p-o-r-t-left_s
express,e-left_s-p-r-e-left_s
expression,e-left_s-p-r-e-sh
expulsion,e-left_s-p-oo-l-sh
extend,e-s-ten-d
extensive,e-s-ten-s-v
extent,e-s-ten-t
extension,e-s-ten-sh
extra,e-s-t-r-a
extra-fine,e-s-t-r-a-=-f-I-n
extreme,e-s-t-r-e-m
extremely,e-s-t-r-e-m-e
extremes,e-s-t-r-e-m-left_s
eyebrows,I-b-r-a-oo-s
eyelashes,I-l-a-sh-s
eyes,I-left_s
face,f-a-s
faced,f-a-s-t
faces,f-a-s-left_s
facility,f-a-s--l
facilities,f-a-s--l-left_s
facsimile,f-a-k-s-e-m-l-e
factor,f-a-k-t-r
factory,f-a-k-t-r-e
facts,f-a-k-t-left_s
factual,f-a-k-t-l
faculty,f-a-k--l
fade,f-a-d
fade-out,f-a-d-a-oo-t
fads,f-a-d-left_s
fail,f-a-l
failed,f-a-ld
fails,f-a-l-s
failure,f-a-l-r
failures,f-a-l-r-left_s
faint,f-a-nt
fainted,f-a-nt-ted
fair,f-a-r
fair-sized,f-a-r---=-s-I-s-d
fairly,f-a-r-e
fairness,f-a-r-n-e-left_s
faith,f-a-under_th
faithful,f-a-under_th-f
faithfully,f-a-under_th-f-e
fall,f-o-l
fallen,f-o-l-n
false,f-o-l-left_s
family,f-a-m-l-e
family plan,f-a-m-l-e--p-l-a-n
famous,f-a-m-oo-s
fancier,f-a-n-left_s-e-r
far,f-a-r
fare,f-a-r
farm,f-a-r-m
farmer,f-a-r-m-r
farmers,f-a-r-m-r-left_s
fashion,f-a-sh
fast,f-a-s-t
fast-moving,f-a-s-t-=-m-oo-v-ing
fastened,f-a-s-nd
fastest,f-a-s-t-e-left_s-t
father,f-a-under_th-r
father's,f-a-under_th-r-left_s
faults,f-o-l-t-left_s
favor,f-a-v-r
favorites,f-a-v-r-e-t-left_s
favoritism,f-a-v-r-e-t-s-m
Fay,f-a
fear,f-e-r
feared,f-e-rd
fears,f-e-r-s
feature,f-e-t-r
features,f-e-t-r-left_s
February,f-e-b
federal,f-e-d-r-l
Federal Reserve Bank,f-r-+-b
feed,f-e-d
feel,f-e-l
feeling,f-e-l-ing
fees,f-e-s
feet,f-e-t
fell,f-e-l
fellow,f-e-l-o
fellows,f-e-l-o-left_s
fences,f-e-n-left_s-s
few,f-e-oo
fidelity,f-e-d--l
fifth,f-e-f-over_th
fight,f-I-t
figure,f-e-g-r
figured,f-e-g-rd
figures,f-e-g-r-left_s
figuring,f-e-g-r-ing
file,f-I-l
filing,f-I-l-ing
fill,f-e-l
filled,f-e-ld
final,f-I-n-l
finally,f-I-n-l-e
finances,f-I-n-a-n-left_s-s
finding,f-I-nd-ing
finds,f-I-nd-left_s
fine,f-I-n
finery,f-I-n-r-e
finest,f-I-n-e-left_s-t
few days,f-e-oo-d-a-left_s
few minutes,f-e-oo-men-e-t-left_s
finished,f-e-n-sh-t
finishing,f-e-n-sh-ing
Finnish,f-e-n-sh
fire,f-I-r
fire insurance,f-I-r-n-sh
fireside,f-I-r-s-I-d
firms,f-e-r-m-left_s
fiscal,f-e-s-k-l
fiscal year,f-e-s-k-l--ye-r
fit,f-e-t
fits,f-e-t-left_s
fix,f-e-k-s
fixed,f-e-k-s-t
fixes,f-e-k-s-left_s
flame,f-l-a-m
flashed,f-l-a-sh-t
flavor,f-l-a-v-r
flesh,f-l-e-sh
flew,f-l-oo
floating,f-l-o-t-ing
flock,f-l-o-k
floor,f-l-o-r
flow,f-l-o
fold,f-o-ld
folio,f-o-l-e-o
folks,f-o-k-s
follow,f-o-l-o
followed,f-o-l-o-d
following,f-o-l-o-ing
follows,f-o-l-o-left_s
fond,f-o-nd
font,f-o-nt
food,f-oo-d
fool,f-oo-l
foolish,f-oo-l-sh
foot,f-oo-t
footnote,f-oo-t-n-o-t
for,f
for it,f-t
for me,f-m-e
for my,f-m-I
for our,f-r
for the,f-th
for them,f-th-e-m
for this,f-over_th-s
for us,f-oo-s
for you,f-oo
for which,f-ch
force,f-s
forced,f-s-t
forcefully,f-s-f-e
foreclose,f-k-l-o-left_s
foreman,f-m-a-n
format,f-m-a-t
forever,f--e-v-r
forget,f-g-e-t
forgetting,f-g-e-t-ing
forgive,f-g-e-v
forgiven,f-g-e-v-n
forgot,f-g-o-t
fork,f-o-r-k
form,f-m
formation,f-m-sh
formed,f-md
forms,f-m-left_s
forth,f-over_th
forward,f--d
forward-looking,f d -=---l-oo-k-ing
found,f-a-oo-nd
foundation,f-nd-sh
foundry,f-a-oo-nd-r-e
framed,f-r-a-md
France,f-r-a-n-left_s
franchise,f-r-a-n-ch-I-s
frank,f-r-a-ngk
frankly,f-r-a-ngk-e
fraud,f-r-o-d
fraudulent,f-r-o-d-l-a-nt
Fred,f-r-e-d
free,f-r-e
freed,f-r-e-d
freedom,f-r-e-d-m
freeing,f-r-e-ing
freight,f-r-a-t
French,f-r-e-n-ch
frequency modulation,f-+-m
fret,f-r-e-t
Friday,f-r-I
friend,f-r-e-nd
friendly,f-r-e-nd-e
friends,f-r-e-nd-left_s
friendships,f-r-e-nd-sh-e-p-left_s
frightened,f-r-I-ten-d
frighteningly,f-r-I-ten--e
from,f-r-o-m
front,f-r-nt
front matter,f-r-nt-m-a-t-r
frowned,f-r-a-oo-nd
frozen,f-r-o-left_s-n
from the,f-r-o-m-over_th
from this,f-r-o-m-over_th-s
fruit,f-r-oo-t
fuel,f-e-oo-l
fulfills,f-oo-l-f-e-l-left_s
full,f-oo-l
fuller,f-oo-l-r
fully,f-oo-l-e
full-time,f-oo-l-=-t-I-m
fumes,f-e-oo-m-left_s
fun,f-n
fundamental,f-nd-a-m-l
funds,f-nd-left_s
fur,f-e-r
furnished,f-e-r-n-sh-t
furniture,f-e-r-n-e-t-r
further,f-e-r-th-r
fuse,f-e-oo-s
fuselage,f-e-oo-s-l-a-j
future,f-e-oo-t-r
gain,g-a-n
gainfully,g-a-n-f-e
gaining,g-a-n-ing
gains,g-a-n-s
gallbladder,g-a-l [intercepted]--b
garden,g-a-rd-n
garment,g-a-r-m
gas,g-a-s
gasses,g-a-s-left_s
gate,g-a-t
gates,g-a-t-left_s
gauge,g-a-j
gave,g-a-v
gave you,g-a-v-oo
Gawaine,g-a-_-n
Gawaine's,g-a-_-n-left_s
Geiger,g-I-g-r
general,j-n-r-l
generalize,j-e-n-r-l-I-left_s
gentle,j-nt-l
gentleman,j-nt-l-m-a-n
George,j-o-r-j
get,g-e-t
gets,g-e-t-s
getting,g-e-t-ing
ghosts,g-o-left_s-t-left_s
girl,g-r-l
give,g-e-v
given,g-e-v-n
giving,g-e-v-ing
glad,g-l-a-d
gladly,g-l-a-d-e
glamor,g-l-a-m-r
glance,g-l-a-n-left_s
glare,g-l-a-r
glasses,g-l-a-left_s-s
gleam,g-l-e-m
glossary,g-l-o-left_s-a-r-e
give me,g-e-v-m-e
give you,g-e-v-oo
goal,g-o-l
goals,g-o-l-s
goatee,g-o-t-e
goes,g-o-s
going,g-o-ing
gold,g-o-ld
gone,g-o-n
good,g-oo-d
good-sized,g-oo-d-=-s-I-s-d
goods,g-oo-d-left_s
got,g-o-t
gotten,g-o-ten
governed,g-o-v-r-nd
government,g-oo-v-r-n-m
governments,g-oo-v-r-n-m-left_s
grabbed,g-r-a-b-d
Grace,g-r-a-s
grace,g-r-a-s
grace period,g-r-a-left_s--p
grade,g-r-a-d
graded,g-r-a-ted
grades,g-r-a-d-s
grading,g-r-a-d-ing
gradual,g-r-a-d-l
gradually,g-r-a-d-l-e
graft,g-r-a-f-t
Graham,g-r-a-m
grain,g-r-a-n
grandfather,g-r-a-nd-f-a-under_th-r
grandson,g-r-a-nd-s-n
grant,g-r-a-nt
granted,g-r-a-nt-ted
graphic,g-r-a-f-k
grasp,g-r-a-left_s-p
grass,g-r-a-left_s
grateful,g-r-a-t-f
gratefully,g-r-a-t-f-e
grave,g-r-a-v
gravestones,g-r-a-v-s-t-o-n-left_s
gray,g-r-a
great,g-r-a-t
greater,g-r-a-t-r
greatest,g-r-a-t-e-left_s-t
greatness,g-r-a-t-n-e-left_s
greatly,g-r-a-t-e
green,g-r-e-n
greeted,g-r-e-ted
grievance,g-r-e-v-n-s
grind,g-r-I-nd
grocery,g-r-o-left_s-e-r-e
groceries,g-r-o-left_s-e-r-e-left_s
gross,g-r-o-left_s
grouchy,g-r-a-oo-ch-e
ground,g-r-a-oo-nd
grounds,g-r-a-oo-nd-left_s
group insurance,g-r-oo-p-n-sh
grow,g-r-o
growing,g-r-o-ing
growling,g-r-a-oo-l-ing
grown,g-r-o-n
grows,g-r-o-s
grudge,g-r-oo-j
guarantee,g-a-r-a-nt-e
guarantor,g-a-r-a-nt-r
guaranty,g-a-r-a-nt-e
guest,g-e-s-t
guests,g-e-s-t-left_s
guidance,g-I-ten-left_s
guide,g-I-d
guided,g-I-ted
guides,g-I-d-left_s
guilty,g-e-l-t-e
gun,g-n
gynecology,j-e-n-e-k-o-l
habit,h-a-b-t
had,h-a-d
hadn't,h-a-d-nt
half,h-a-f
hailed,h-a-ld
hair,h-a-r
halftone,h-a-f-t-o-n
halls,h-o-l-left_s
hand,h-a-nd
handed,h-a-nd-d
handfuls,h-a-nd-f-s
handle,h-a-nd-l
handled,h-a-nd-ld
handling,h-a-nd-l-ing
hands,h-a-nd-left_s
hangs,h-a-ng-left_s
happen,h-a-p-n
happened,h-a-p-e-nd
happens,h-a-p-n-left_s
happier,h-a-p-e-r
happiest,h-a-p-e-left_s-t
happy,h-a-p-e
hard,h-a-rd
harder,h-a-rd-r
hardest,h-a-rd-left_s-t
hard-working,h-a-rd-=-r-k-ing
harvest,h-a-r-v-e-s-t
has,h-a-s
haste,h-a-s-t
has made,h-a-s-m-a-d
hasn't,h-a-s-nt
has the,h-a-s-over_the
have,v
hay,h-a
hazard,h-a-left_s-a-rd
21,20
have you,v-oo
having,v-ing
he could,h-e-k---d
he could be,h-e-k-d-b
he could see,h-e-k-d-left_s-e
he did,h-e-d-e-d
he didn't,h-e-d-e-d-nt
he does,h-e-d-oo-s
he doesn't,h-e-d-oo-s-nt
he feels,h-e-f-e-l-s
he felt,h-e-f-e-l-t
he finds,h-e-f-I-nd-left_s
he gets,h-e-g-e-t-left_s
he go,h-e-g-o
he goes,h-e-g-o-left_s
he got,h-e-g-o-t
he knew,h-e-n-oo
he knows,h-n-o-left_s
he left,h-e-l-e-f-t
he lived,h-e-l-e-v-d
he made,h-e-m-a-d
he makes,h-e-m-a-k-s
he may,h-e-m-a
he met,h-e-m-e-t
he might,h-e-m-
he might be,h-e-m-t-b--I-t-v
he might have,h-e-m-
he must be,h-e-m-oo-s-t-b
he missed,h-e-m-e-left_s-t
he must,h-e-m-oo-s-t
he need,h-e-n-e-d
he needs,h-e-n-e-d-s
he ran,h-e-r-a-n
he reached,h-e-r-e-ch-t
he read,h-e-r-e-d
he said,h-e-s-e-d
he sent,h-e-s-e-nt
he should,h-e-sh-d
he should be,h-e-sh-d-b
he takes,h-e-t-a-k-s
he thought,h-e-under_th-o-t
he took,h-e-t-oo-k
he tried,h-e-t-r-
he was,h-e-oo-left_s
he will,h-e-l
he will be,h-e-l-b
he will have,h-e-l-v
he would,h-e-d
he would be,h-e-d-b
he would have,h-e-d-v
he wrote,h-e-r-o-t
he is,h-e-s
head,h-e-d
headaches,h-e-d-a-k-s
headband,h-e-d-b-a-nd
headlong,h-e-d-l-o-ng
head wind,h-e-d--oo-nd
health,h-e-l-th
health insurance,h-e-l-under_th--n-sh
heard,h-e-rd
hearing,h-e-r-ing
hearings,h-e-r--s
hears,h-e-r-left_s
heart,h-a-r-t
heartlessly,h-a-r-t-l-e-left_s-e
heat,h-e-t
heated,h-e-ted
heatedly,h-e-ted-e
heater,h-e-t-r
heating,h-e-t-ing
heaved,h-e-v-d
heaven,h-e-v-n
heavier,h-e-v-e-r
heavy,h-e-v-e
hedge,h-e-j
heed,h-e-d
heeding,h-e-d-ing
held,h-e-ld
helicopter,h-e-l-e-k-o-p-t-r
helped,h-e-l-p-t
helpful,h-e-l-p-f
helpfully,h-e-l-p-f-e
helping,h-e-l-p-ing
helpless,h-e-l-p-l-e-left_s
Helen,h-e-l-e-n
helps,h-e-l-p-left_s
hemorrhage,h-e-m-r-j
Henry,h-e-n-r-e
hens,h-e-n-left_s
here,h-e-r
hero,h-e-r-o
herself,h-e-r-left_s-e-l-f
hesitantly,h-e-s-ten-t-e
hesitated,h-e-s-t-a-ted
hesitates,h-e-left_s-t-a-t-left_s
hesitation,h-e-s-t-sh
heterodyne,h-e-t-r-o-d-I-n
hide,h-I-d
high,h-I
higher,h-I-r
highly,h-I-e
hills,h-e-l-left_s
hilltops,h-e-l--t-o-p-left_s
himself,h-e-m-left_s-e-l-f
hire,h-I-r
hired,h-I-rd
his,h-e-s
history,h-e-s-t-r-e
hit,h-e-t
hoarsely,h-o-r-left_s
hoisting,h-oo-e-left_s-t-ing
hole,h-o-l
hold,h-o-ld
here are,h-e-r-r
here's,h-e-r-left_s
here is,h-e-r-left_s
holding,h-o-ld-ing
holiday,h-o-l-e-d-a
home,h-o-m
homicide,h-o-m-s-I-d
honey,h-oo-n-e
honor,o-n-r
honorable,o-n-r-b
honors,o-n-r-left_s
hook,h-oo-k
hookup,h-oo-k-oo-p
hoped,h-o-p-t
hopelessly,h-o-p-l-e-left_s-e
hopes,h-o-p-s
hoping,h-o-p-ing
horizontal,h-o-r-o-s-nt-l
horse,h-o-r-left_s
horsepower,h--p
hospital,h-o-left_s-p-t-l
hospitalization insurance,h-o-left_s-p-t-l-a-left_s-a-sh--n-sh
hot,h-o-t
hotel,h-o-t-e-l
hour,a-oo-r
hours,a-oo-r-left_s
house,h-a-oo-s
house organ,h-a-oo-s--o-r-g-n
houses,h-a-oo-s-left_s
hovered,h-oo-v-rd
how,h-a-oo
however,h-a-oo--e-v-r
Hudson,h-oo-d-s-n
human,h-e-oo-m-a-n
humanly,h-e-oo-m-a-n-e
humans,h-e-oo-m-a-n-left_s
humorist,h-e-oo-m-r-e-left_s-t
hundred,h-oo-nd-r-e-d
hungry,h-oo-ng-r-e
hunted,h-oo-nt-ted
hunter,h-oo-nt-r
hunting,h-oo-nt-ing
hurried,h-e-r-e-d
hurry,h-e-r-e
hurrying,h-e-r-e-ing
hurt,h-e-r-t
husband,h-oo-left_s-b-a-nd
I,a
I am,a-m
I did,a-d-e-d
I do,a-d-oo
I could,a-k-d
I could be,a-k-d-b
I couldn't,a-k-d-nt
I could see,a-k-d-left_s-e
I didn't,a-d-e-d-nt
I don't,a-d-o-nt
I feel,a-f-e-l
I felt,a-f-e-l-t
I guess,a-g-e-s
I have,a-v
I haven't,a-v-nt
I have not,a-v-n-o-t
I know,a-n-o
I leave,a-l-e-v
I left,a-l-e-f-t
I made,a-m-a-d
I may,a-m-a
I met,a-m-e-t
I might,a-m-I-t
I must,a-m-oo-s-t
I need,a-n-e-d
I needed,a-n-e-ted
I said,a-s-e-d
I shall,a-sh
I shall be,a-sh-b
I shall have,a-sh-v
I should,a-sh-d
I should have,a-sh-d-v
I should like,a-sh-d-l-
I should say,a-sh-d-left_s-a
I thought,a-under_th-o-t
I was,a-o-left_s
I will have,-l-v
I will be,a-l-b
I would,a-d
I would be,a-d-b
I wouldn't,a-d-nt
I wrote,a-r-o-t
I felt,
I left,
I say,a-s-a--a-sh
I will,a-l
I'll,a-l
I'm,a-m
icing,I-left_s-ing
idea,I-d-ia
ideal,I-d-l
if,e-f
if my,e-f-m-I
if we,e-f-oo-e
ideas,I-d-ia-left_s
if so,e-f-s-o
if that is,e-f-over_th-a-t-left_s
if the,e-f-th
if this,e-f-over_th-s
if this is,e-f-over_th-s-s
if you,e-f-oo
if you can,e-f-oo-c-a-n
if you don't,e-f-oo-d-o-nt
if you will,e-f-oo-l
if you will be,e-f-oo-l-b
if you would,e-f-oo-d
ignorance,e-g-n-o-r-a-n-left_s
illegal,e-l-g-e-l
illness,e-l-n-e-left_s
ill,e-l
illustrates,e-l-oo-s-t-r-a-t-left_s
imaginary,e-m-a-j-n-r-e
immaterial,e-m-a-t-e-r-ia-l
immediately,e-m-e-d-ia-t-e
immensity,e-men-left_s-t-e
impatience,e-m-p-a-sh-n-left_s
implied authority,e-m-p-l-I-d o-under_th--r
import,e-m-p-o-r-t
imports,e-m-p-o-r-t-left_s
in,n
in it,n-t
in its,n-t-left_s
impression,e-m-p-r-e-sh
impressive,e-m-p-r-e-left_s-v
importance,m-p
important,m-p
impossible,e-m-p-o-left_s-b
improbable,e-m-p-r-b
improvement,e-m-p-r-oo-v-m
improving,e-m-p-r-oo-v-ing
impulse,e-m-p-oo-l-left_s
in our,n-r
in that,n-over_th-a-t
in the,n-th
in these,n-th-e-s
in this,n-over_th-s
in which,n-ch
in which the,n-ch-over_th
inattention,e-n-a-ten-sh
incentive,n-s-e-nt-v
inches,n-ch-s
incident,n-s-e-ten-t
inclined,n-k-l-I-nd
included,n-k-l-oo-ted
income,n-k-m
inch,n-ch
incomplete,n-k-p-l-e-t
increases,n-k-r-e-left_s-s
incur,n-k-r
incurred,n-k-rd
indeed,n-d-e-d
indemnify,n-d-e-m- D---n-f-I
index,e-nd-e-k-s
Indian,e-nd-ia-n
indicated,e-nd-e-k-a-ted
indictment,e-nd-I-t-m
indiscriminately,e-nd-left_s-k-r-e-men-a-t-e
inductance,e-nd-oo-k-ten-left_s
industrious,e-nd-oo-s-t-r-oo-s
industry,e-nd-oo-s-t-r-e
inefficient,e-n-e-f-e-sh-nt
inflation,n-f-l-a-sh
influence,n-f-l-oo-n-left_s-t
inform,n-f-m
information,n-f-m-sh
informed,n-f-md
ingredients,n-g-r-e-ten-t-left_s
initial,e-n-e-sh-l
initiate,e-n-e-sh-ia-t
injunction,n-j-ngk-sh
injury,n-j-oo-r-e
injustice,n-j-oo-s-t-e-left_s
ink,e-ngk
inn,e-n
inoperable,e-n-o-p-r-b
inquired,n-k-I-_-rd
inquiries,n-k-I-_-r-e-left_s
insert,n-s-e-r-t
inside,n-s-I-d
insisted,n-left_s-s-ted
insisting,n-left_s-s-t-ing
insists,n-left_s-s-t-left_s
insolvency,n-s-o-l-v-n-left_s-e
insolvent,n-s-o-l-v-nt
inspection,n-left_s-p-e-k-sh
inspired,n-left_s-p-I-rd
inspiration,n-left_s-p-r-a-sh
installment,n-s-t-o-l-m
instance,n-s-ten-left_s
instead,n-s-ted
integrity,e-nt-e-g--r
institutional,n-s-t-e-t-sh-l
instructions,n-s-t-r-oo-k-sh-s
instrument,n-s-t-r-oo-m
instrument landing,n-s-t-r-oo-m--l-a-nd-ing
insulted,n-s-oo-l-ted
insurability,n-sh-oo-r-b--l
insurance,n-sh-oo-r-a-n-left_s
insurance,n-sh
insurance agent,n-sh--a
intaglio,e-nt-a-l-e-o
integrity,e-nt-e-g--r
intend,n-ten-d
intended,n-ten-ted
intense,n-ten-left_s
intention,n-ten-sh
interest,e-nt-r-e-left_s-t
interested,e-nt-r-e-left_s-ted
interesting,e-nt-r-e-left_s-t-ing
interests,e-nt-r-e-left_s-t-left_s
interference,e-nt-r-f-e-r-e-n-left_s
intermittent,e-nt-r-m-e-ten-t
interviewed,e-nt-r-v-e-oo-d
intimate,e-nt-e-m-a-t
into,nt-oo
intravenous,e-nt-r-v-e-n-oo-s
inventory,n-v-nt-r-e
investigated,n-v-e-s-t-e-g-a-ted
invite,n-v-I-t
invited,n-v-I-ted
irrelevant,e-r-e-l-v-nt
is,s
is the,s-th
isn't,s-nt
it,t
it is,t-left_s
it will be,t-l-b
italic,e-t-a-l-e-k
items,I-t-e-m-left_s
its,t-s
it's,t-left_s
itself,t-s-e-l-f
into that,nt-oo-over_th-a-t
into the,nt-oo-over_th
into this,nt-oo-over_th-s
invoice,n-v-oi-left_s
inward,nd
inwardly,n--d-e
ionization,I-n-e-left_s-a-sh
is the,
issue,e-sh-oo
issued,e-sh-oo-d
it isn't,t-left_s-nt
it was,t-o-left_s
it wasn't,t-o-left_s-nt
it will,t-l
jail,j-a-l
James,j-a-m-s
janitor,j-a-n-e-t-r
January,j-a-n
jealous,j-e-l-oo-s
Jerry,j-e-r-e
jet,j-e-t
jet-prop,j-e-t-p-r-o-p
Jim,j-e-m
jingle,j-e-ng-l
job,j-o-b
jobber,j-o-b-r
jobs,j-o-b-left_s
jockey,j-o-k-e
Joe,j-o
John,j-o-n
Johnson's,j-o-n-s-n-left_s
join,j-oi-n
joined,j-oi-nd
joint,j-oi-nt
joint account,j-+-a-k
Jones,j-o-n-s
jot,j-o-t
jotting,j-o-t-ing
journal,j-e-r-n-l
jousting,j-oo-s-t-ing
joy,j-oi
judge,j-oo-j
judges,j-oo-j-s
judge's,j-oo-j-s
judgment,j-oo-j-m
judgments,j-oo-j-m-left_s
July,j-oo-l-I
June,j-oo-n
jurisdiction,j-oo-r-e-left_s-d-e-k-sh
just,j-oo-s-t
justify,j-oo-s-t-f-I
keel,k-e-l
keeping,k-e-p-ing
kept,k-e-p-t
keys,k-e-s
kicked,k-e-k-t
kill,k-e-l
killed,k-e-ld
killings,k-e-l--left_s
kilocycle,k-e-l-o-s-I-k-l
kilowatt,k-e-l-o-o-_-t
kind,k-I-nd
kindest,k-I-nd-e-left_s-t
kindly,k-I-nd-e
king,k-e-ng
kings,k-i-ng-left_s
kitchen,k-e-ch-n
knee,n-e
knew,n-oo
knowing,n-o-ing
knows,n-o-s
label,l-a-b-l
labels,l-a-b-l-s
labor,l-a-b-r
laboratory,l-a-b-r-a-t-r-e
labors,l-a-b-r-s
lack,l-a-k
lacked,l-a-k-t
lacking,l-a-k-ing
lad,l-a-d
ladder,l-a-d-r
ladies,l-a-d-e-left_s
lad's,l-a-d-left_s
lags,l-a-g-s
laid,l-a-d
lake,l-a-k
land,l-a-nd
landed,l-a-nd-ted
landing,l-a-nd-ing
language,l-a-ng-e-_-j
lank,l-a-ngk
lap,l-a-p
lapse,l-a-p-left_s
large,l-a-r-j
larger,l-a-r-j-r
lark,l-a-r-k
larks,l-a-r-k-s
last,l-a-left_s-t
late,l-a-t
later,l-a-t-r
lather,l-a-under_th-r
laughed,l-a-f-t
laughingly,l-a-f--e
launch,l-o-n-ch
launched,l-o-n-ch-t
lavishly,l-a-v-sh-e
law,l-o
laws,l-o-left_s
lawyer,l-o-e-r
lawyers,l-o-e-r-left_s
lay,l-a
laying,l-a-ing
layout,l-a--a-oo-t
lead,l-e-d
leader,l-e-d-r
leading,l-e-d-ing
leaflet,l-e-f-l-e-t
lean,l-e-n
learn,l-e-r-n
learned,l-e-r-nd
learners,l-e-r-n-r-left_s
learning,l-e-r-n-ing
learns,l-e-r-n-left_s
lease,l-e-left_s
leaves,l-e-v-s
leaving,l-e-v-ing
lecture,l-e-k-t-r
lecturer,l-e-k-t-r-r
Lee,l-e
Lee's,l-e-left_s
left,l-e-f-t
leg,l-e-g
legitimate,l-e-j-t-e-m-a-t
legs,l-e-g-s
legal,l-e-g-l
legible,l-e-j-b
leisure,l-e-sh-oo-r
lemon,l-e-m-oo-n
lend,l-e-nd
length,l-e-ng-over_th
less,l-e-left_s
let,l-e-t
let's,l-e-t-left_s
letter,l-e-t-r
letter of credit,l-e-t-r--k-r-e
letterpress,l-e-t-r-p-r-e-left_s
letting,l-e-t-ing
lettuce,l-e-t-oo-s
leukemia,l-oo-k-e-m-ia
leukocytosis,l-oo-k-s-I-t-o-left_s-s
liability insurance,l-I-b l--n-sh
liable,l-I-b
liason,l-Ia-left_s-o-n
liberal,l-e-b-r-l
liberty,l-e-b-r-t-e
libraries,l-I-b-r-r-e-left_s
library,l-I-b-r-r-e
license,l-I-s-n-left_s
lie,l-I
lien,l-e-n
life,l-I-f
life estate,l-I-f--e-s-t-a-t
life insurance,l-I-f--n-sh
lift,l-e-f-t
lifted,l-e-f-ted
lifting,l-e-f-t-ing
light,l-I-t
lights,l-I-t-left_s
like,l-I-k
liked,l-I-k-t
likely,l-I-k-e
likes,l-I-k-s
limitations,l-e-m-e-t-sh-s
Lincoln,l-e-ngk-n
line,l-I-n
linens,l-e-n-e-n-left_s
liner,l-I-n-r
link,l-e-ngk
linotype,l-I-n-o-t-I-p
liquid,l-e-k-e_d
liquidation,l-e-k-e-_-d-sh
liquids,l-e-k-e_d-left_s
list,l-e-left_s-t
listed,l-e-left_s-ted
listened,l-e-left_s-nd
listeners,l-e-left_s-n-r-left_s
lists,l-e-s-t-left_s
literacy,l-e-t-r-left_s-e
literal,l-e-t-r-l
literature,l-e-t-r-a-t-r
lithography,l-e-under_th-o-g-r-a-f-e
live,l-e-v
lived,l-e-v-d
lives,l-e-v-s
living,l-e-v-ing
lizard,l-e-left_s-a-rd
loan,l-o-n
local,l-o-k-l
locality,l-o-k--l
locate,l-o-k-a-t
located,l-o-k-a-ted
location,l-o-k-a-sh
locations,l-o-k-a-sh-s
lockup,l-o-k-oo-p
locomotive,l-o-k-m-o-t-v
log,l-o-g
logic,l-o-j-k
logical,l-o-j--k
logs,l-o-g-s
London,l-n-ten
look,l-oo-k
looked,l-oo-k-t
looking,l-oo-k-ing
looks,l-oo-k-s
looms,l-oo-m-left_s
loosely,l-oo-s-e
long,l-o-ng
long-distance,l-o-ng-=-d-left_s-ten-left_s
long-lasting,l-o-ng-=-l-a-left_s-t-ing
long-range,l-o-ng-=-r-a-n-j
long-standing,l-o-ng-=-s-ten-d-ing
longer,l-o-ng-r
longest,l-o-ng-e-left_s-t
longingly,l-o-ng--e
Lord,l-o-rd
lose,l-oo-s
loser,l-oo-s-r
loses,l-oo-s-left_s
lost,l-o-s-t
lot,l-o-t
lots,l-o-t-left_s
loud,l-a-oo-d
loud-speaker,l-a-oo-d-left_s-p-e-k-r
loudly,l-a-oo-d-e
loudspeaker,l-a-u-d-left_s-p-e-k-r
lovable,l-oo-v-b
love,l-oo-v
loved,l-oo-v-d
low,l-o
low ceiling,l-o--left_s-e-l-ing
lower,l-o-r
lower case,l-o-r--k-a-s
lowered,l-o-rd
lowest,l-o-e-left_s-t
loyalty,l-oi--l
lucrative,l-oo-k-r-a-t-v
luggage,l-oo-g-j
lumber,l-m-b-r
luminescence,l-oo-men-e-left_s-n-left_s
lunching,l-n-ch-ing
lying,l-I-ing
lymphatic,l-e-m-f-a-t-e-k
machine,m-a-sh-e-n
madam,m-a-d-a-m
magazine,m-a-g-s-e-n
magazines,m-a-g-s-e-n-left_s
magic,m-a-j-k
magical,m-a-j--k
magnetic,m-a-g-n-e-t-e-k
majority,m-a-j--r
make,m-a-k
make-ready,m-a-k-=-r-e-d-e
makes,m-a-k-s
maid,m-a-d
maid's,m-a-d-left_s
mail,m-a-l
mail order,m-a-l-o-rd-r
mailing,m-a-l-ing
mailman,m-a-l-m-a-n
mails,m-a-l-s
main,m-a-n
Maine,m-a-n
maintain,m-a-n-ten
maintains,m-a-n-ten-left_s
major,m-a-j-e-r
majority,m-a-j--r
make,m-a-k
makes,m-a-k-s
making,m-a-k-ing
malignancy,m-a-l-e-g-s-e
mammal,m-a-m-l
man,m-a-n
manage,m-a-n-j
manager,m-a-n-j-e-r
mankind,m-a-n-k-I-nd
manners,m-a-n-r-left_s
man's,m-a-n-left_s
March,m-a-r-ch
marched,m-a-r-ch-d
margin,m-a-r-j-n
marine,m-a-r-e-n
marine insurance,m-a-r-e-n--n-sh
mark,m-a-r-k
marked,m-a-r-k-t
market,m-a-r-k-e-t
market research,m-a-r-k-e-t--r-left_s-e-r-ch
marks,m-a-r-k-s
marriage,m-a-r-j
married,m-a-r-e-d
marveling,m-a-r-v-l-ing
Mary,m-a-r-e
Mary's,m-a-r-e-s
mask,m-a-left_s-k
mass,m-a-left_s
master,m-a-left_s-t-r
mastery,m-a-left_s-t-r-e
mate,m-a-t
material,m-a-t-e-r-ia-l
matrix,m-a-t-r-e-k-s
matters,m-a-t-r-left_s
maturity,m-a-t--r
may,m-a
May,m-a
maybe,m-a-b
mayor,m-a-r
me,m-e
meadow,m-e-d-o
meager,m-e-g-r
meal,m-e-l
meals,m-e-l-s
mean,m-e-n
meaning,m-e-n-ing
means,m-e-n-s
meant,men-t
meanwhile,m-e-n-I-_-l
measure,m-e-sh-oo-r
measurement,m-e-sh-oo-r-m
meat,m-e-t
mechanical,m-e-k-a-n--k
mechanically,m-e-k-a-n--k-e
medals,m-e-d-l-left_s
media,m-e-d-ia
medical examiner,m-e-d-e-left_s
medium,m-e-d-e-m
meek,m-e-k
meet,m-e-t
meeting,m-e-t-ing
meetings,m-e-t--left_s
mellowing,m-e-l-o-ing
members,m-e-m-b-r-s
membership,m-e-m-b-r-sh-e-p
memorandum,men-o
memorial,m-e-m-o-r-ia-l
memory,m-e-m-r-e
Memphis,m-e-m-f-e-s
men,men
mend,men-d
mended,men-ted
mental,men-t-l
mentality,men-t--l
mentally,men-t-l-e
mention,men-sh
merchandise,m-e-ch-d-I-left_s
merely,m-e-r-e
merger,m-e-r-j-e-r
meringue,m-e-r-a-ng
merits,m-e-r-e-t-left_s
mess,m-e-left_s
message,m-e-left_s-j
messed,m-e-left_s-t
met,m-e-t
metabolism,m-e-t-b-o-l-s-m
metal,m-e-t-l
meter,m-e-t-r
meters,m-e-t-r-s
method,m-e-over_th-d
Methodists,m-e-over_th-d-e-left_s-t-left_s
methods,m-e-over_th-d-left_s
Mexico,m-e-k-s-e-k-o
microphone,m-I-k-r-o-f-o-n
mid,m-e-d
mid-semester,m-e-d-=-s-e-m-e-s-t-r
middle,m-e-d-l
might,m-I-t
might be,m-I-t-b
might have,m-I-t-v
mighty,m-I-t-e
mill,m-e-l
mills,m-e-l-left_s
mine,m-I-n
miniaturized,men-ia-t-r-I-left_s-d
minister,men-e-left_s-t-r
ministers,men-e-left_s-t-r-left_s
minority,men--r
mint,men-t
minute,men-e-t
minutes,men-e-t-left_s
miracle,m-e-r--k
miracles,m-e-r--k-s
miraculous,m-e-r-a-k-l-oo-s
mirror,m-e-r-r
mischief,m-e-left_s-ch-e-f
miser,m-I-left_s-r
miserable,m-e-left_s-e-r-b
miss,m-e-left_s
missed,m-e-left_s-t
mistake,m-e-left_s-t-a-k
mistakes,m-e-left_s-t-a-k-s
missing,m-e-s-ing
mix,m-e-k-s
Mix,m-e-k-s
mixed,m-e-k-s-t
mixer,m-e-k-s-r
mixers,m-e-k-s-r-left_s
mixes,m-e-k-left_s-s-left_s
mocking,m-o-k-ing
model,m-o-d-l
moderator,m-o-d-r-a-t-r
moment,m-o-m
monaural,m-o-n-o-r-l
money,m-oo-n-e
monitor,m-o-n-e-t-r
monthly,m-o-n-over_th-e
months,m-o-n-over_the-left_s
mood,m-oo-d
moon,m-oo-n
moral,m-o-r-l
morale,m-o-r-a-l
more,m-o-r
morning,m-o-r-n-ing
mornings,m-o-r-n--s
Morris,m-o-r-e-s
most,m-o-s-t
mother,m-oo-over_th-r
mothers,m-oo-over_th-r-left_s
motility,m-o-t--l
motion,m-o-sh
motioned,m-o-sh-d
motions,m-o-sh-s
motor,m-o-t-r
motorboat,m-o-t-r-b-o-t
motoring,m-o-t-r-ing
motors,m-o-t-r-s
mountain,m-a-oo-n-ten
moustache,m-oo-s-t-a-sh
move,m-oo-v
moved,m-oo-v-d
Mr.,m-r
Mrs.,m-r-s
much,m-oo-ch
mucus,m-oo-k-o-s
Murphy's,m-e-r-f-e-s
musical,m-oo-s--k
mustered,m-oo-s-t-rd
muttered,m-oo-t-rd
muttering,m-oo-t-r-ing
my,m-I
myself,m-I-s-e-l-f
must be,m-oo-s-t-b
must have,m-oo-s-t-v
name,n-a-m
named,n-a-md
names,n-a-m-left_s
narrator,n-a-r-a-t-r
nation,n-a-sh
national,n-a-sh-l
nature,n-a-t-r
natural,n-a-t-r-l
naturally,n-a-t-r-l-e
naval,n-a-v-l
navigation,n-a-v-g-a-sh
near,n-e-r
nearby,n-e-r-b
nearer,n-e-r-r
nearest,n-e-r-e-left_s-t
nearly,n-e-r-e
nears,n-e-r-s
neat,n-e-t
necessary,n-e-left_s-s-r-e
necessity,n-e-left_s-s-t-e
necessities,n-e-left_s-s-t-e-left_s
neckties,n-e-k-t-I-left_s
Ned,n-e-d
need,n-e-d
needed,n-e-ted
needing,n-e-d-ing
needs,n-e-d-left_s
needle,n-e-d-l
needles,n-e-d-l-left_s
needless,n-e-d-l-e-left_s
needlework,n-e-d-l-r-k
needs,n-e-d-s
negative,n-e-g-a-t-v
negative ghosts,n-e-g-a-t-v--g-o-left_s-t-left_s
neglected,n-e-g-l-e-k-ted
negligence,n-e-g-l-e-j-n-left_s
negotiable,n-e-g-o-sh-b
negotiability,n-e-g-o-sh-b--l
negociate,n-e-g-o-sh-ia-t
neighbor,n-a-b-r
neighbors,n-a-b-r-left_s
neither,n-e-th-r
Nelson,n-e-l-s-n
nephritis,n-e-f-r-I
nephrosis,n-e-f-r-o-left_s-s
nerve,n-e-r-v
nest,n-e-left_s-t
nests,n-e-left_s-t-left_s
net profit,n-e-t--p-r-o-f-e-t
network,n-e-t-r-k
neuralgia,n-oo-r-a-l-j-ia
neuritis,n-oo-r-I
neurosis,n-oo-r-o-left_s-s
never,n-e-v-r
new,n-oo
news,n-oo-s
newscaster,n-oo-s-k-a-s-t-r
newsreels,n-oo-s-r-e-l-left_s
next,n-e-k-s-t
nice,n-I-left_s
nicely,n-I-left_s-e
nicotine,n-e-k-t-e-n
night,n-I-t
nights,n-I-t-s
no,n-o
no-show,n-o-=-sh-o
nodding,n-o-d-ing
noise,n-oi-left_s
noisier,n-oi-left_s-e-r
noisy,n-oi-left_s-e
nomination,n-o-men-sh
nominate,n-o-men-a-t
nondeductible,n-o-n-=-ted-oo-k-t-b
nonpayment,n-o-n-p-a-m
nonsense,n-o-n-s-e-n-left_s
nonstop,n-o-n-s-t-o-p
nook,n-oo-k
noon,n-oo-n
nor,n-o-r
normal,n-o-r-m-l
normally,n-o-r-m-l-e
north,n-o-r-under_th
northbound,n-o-r-under_th-b-a-oo-nd
not,n-o-t
notation,n-o-t-sh
note,n-o-t
notebook,n-o-t-b-oo-k
noted,n-o-ted
notes,n-o-t-s
nothing,n-oo-under_th-e-ng
notice,n-o-t-e-s
noticed,n-o-t-e-left_s-t
notices,n-o-t-e-left_s-s
noticing,n-o-t-e-ng
notify,n-o-t-f-I
noting,n-o-t-ing
novel,n-o-v-l
November,n-o-v
now,n-a-oo
nuclear,n-oo-k-l-ia-r
numeral,n-oo-m-r-l
nursing,n-e-r-s-ing
obey,o-b-a
object,o-b-j-e-k-t
obligation,o-b-l-e-g-a-sh
obtain,o-b-ten
obtainable,o-b-ten-b
obtaining,o-b-ten-ing
obvious,o-b-v-oo-s
obviously,o-b-v-oo-s-e
occasional,o-k-a-sh-l
occasionally,o-k-a-sh-l-e
occlusion,o-k-l-sh
occupy,o-k-p-I
occurred,o-k-rd
occurrence,o-k-r-e-n-left_s
October,o-k-t
of,o
of me,o-m-e
of my,o-m-I
of our,o-r
of the,o-th
of their,o-under_th
of these,o-over_th-e-s
of this,o-over_th-s
of which,o-ch
of you,o-oo
off,o-f
off the,o-f-over_th
offensive,o-f-e-n-left_s-v
offer,o-f-r
offering,o-f-r-ing
offers,o-f-r-left_s
office,o-f-e-s
officer,o-f-e-s-r
offices,o-f-e-s-left_s
official,o-f-e-sh-l
officials,o-f-e-sh-l-left_s
offset,o-f-s-e-t
oh,o
ohmmeter,o-m--m
oil,oi-l
old,o-ld
older,o-ld-r
omission,o-m-sh
on,o-n
on it,o-n-t
on our,o-n-r
on the,o-n-th
on them,o-n-over_th-e-m
on this,o-n-over_th-s
on which,o-n-ch
once,oo-oo-n-left_s
ones,oo-oo-n-left_s
onward,o-n--d
open,o-p-n
opening,o-p-n-ing
openings,o-p-n--s
opens,o-p-n-s
operable,o-p-r-b
operation,o-p-r-a-sh
opinion,o-p-n-e-oo-n--o-p-r
opposite,o-p-o-left_s-t
option,o-p-sh
or,o-r
orchestra,o-r-k-e-s-t-r-a
order,o-rd-r
ordered,o-rd-rd
ordinary,o-rd-e-n-r-e
organ,o-r-g-n
originally,o-r-e-j-n-l-e
orthopedic,o-r-under_th-p-d-e-k
others,oo-over_th-r-left_s
otherwise,oo-over_th-r-I-left_s
ounce,a-oo-n-left_s
ounces,a-oo-n-left_s---s
opportunity,
opportunities,o-p-r-left_s
our,r
ours,r-left_s
out,a-oo-t
outlast,a-oo-t-l-a-left_s-t
outlet,a-oo-t-l-e-t
outs,a-oo-t-left_s
oven,oo-v-n
over,o
overalls,o--o-l-left_s
overcoat,o--k-o-t
overcoats,o--k-o-t-left_s
overdrawn,o--d-r-o-n
overflow,o--f-l-o
overhauling,o--h-o-l-ing
overlook,o--l-oo-k
overlooked,o--l-oo-k-t
overrate,o--r-a-t
overruled,o--r-oo-ld
oversight,o--s-I-t
oversupply,o--s-p-l-I
ourselves,r-s-e-l-v-s
over my,o--m-I
over_the,o--over_th
over_them,o--over_th-e-m
overturn,o--t-e-r-n
owed,o-d
owes,o-s
own,o-n
owned,o-nd
P.M.,p-+-m
pace,p-a-left_s
pack,p-a-k
package,p-a-k-j
packaging,p-a-k-j-ing
packet,p-a-k-e-t
page,p-a-j
page proof,p-a-j--p
pagination,p-a-j-n-sh
paid-up policy,p-a-d-oo-p--p
paining,p-a-n-ing
pains,p-a-n-left_s
paint,p-a-nt
pair,p-a-r
pairs,p-a-r-s
palace,p-a-l-a-left_s
pale,p-a-l
palm,p-a-m
palsy,p-o-l-left_s-e
pamphlet,p-a-m-f-l-e-t
pan,p-a-n
pancreas,p-a-n-k-r-ia-left_s
pantry,p-a-nt-r-e
paper,p-a-p-r
papers,p-a-p-r-s
parade,p-a-r-a-d
paradise,p-a-r-a-d-I-left_s
pardoned,p-a-rd-nd
parent,p-a-r-e-nt
parents,p-a-r-e-nt-left_s
parity,p-a-r-e-t-e
parked,p-a-r-k-t
Parker,p-a-r-k-r
part,p-a-r-t
partial,p-a-r-sh-l
partially,p-a-r-sh-l-e
particle,p-a-r-t--k
particular,p-a-r-t-e-k
particularly,p-a-r-t-e-k-e
parties,p-a-r-t-e-left_s
partly,p-a-r-t-e
partners,p-a-r-t-n-r-left_s
party,p-a-r-t-e
pass,p-a-left_s
passbook,p-a-left_s-b-o-k
passenger,p-a-left_s-n-j-e-r
passes,p-a-left_s-s
passing,p-a-left_s-ing
past,p-a-left_s-t
pat,p-a-t
patch,p-a-ch
patted,p-a-ted
pattern,p-a-t-e-r-n
patterns,p-a-t-e-r-n-left_s
patient,p-a-sh-nt
patients,p-a-sh-nt-left_s
pause,p-o-left_s
pay,p-a
payable,p-a-b
payed,p-a-d
paying,p-a-ing
payment,p-a-m
payroll,p-a-r-o-l
pays,p-a-s
peace,p-e-left_s
peanuts,p-e-n-oo-t-left_s
pearly,p-r-l-e
peasants,p-e-left_s-ten-left_s
pediatrics,p-d-ia-t-r-e-k-s
penalty,p-e-n--l
pencil,p-e-n-left_s-e-l
pencils,p-e-n-left_s-e-l-left_s
penny,p-e-n-e
people,p-e-p-l
perfect,p-r-f-e-k-t
perfectly,p-r-f-e-k-t-e
perform,p-r-f-m
performed,p-r-f-md
perhaps,p-r-h-a-p-s
periodically,p-e-r-o-d--k-e
peritoneum,p-e-r-e-ten-e-m
permit,p-r-m-e-t
permitted,p-r-m-e-ted
persistent,p-r-left_s-s-ten-t
person,p-r-s-n
personal,p-r-s-n-e-l
personality,p-r-s-n--l
personally,p-r-s-n-l-e
personnel,p-r-s-n-e-l
persuasion,p-r-s-a_sh
Perry,p-e-r-e
persuade,p-r-s-a-_-d
persuading,p-r-s-a-_-d-ing
Peter's,p-e-t-r-s
petty,p-e-t-e
phlebitis,f-l-e-b-I
phone,f-o-n
phrase,f-r-a-left_s
physically,f-e-s--k-e
piano,p-ia-n-o
pica,p-I-k-a
picked,p-e-k-t
picking,p-e-k-ing
picks,p-e-k-s
picture,p-e-k-t-r
pictures,p-e-k-t-r-left_s
pie,p-I
piece,p-e-left_s
pieces,p-e-left_s-s
pig,p-e-g
pigs,p-e-g-s
pile,p-I-l
piling,p-I-l-ing
pillows,p-e-l-o-left_s
pills,p-e-l-left_s
pilot,p-I-l-o-t
pinch,p-e-n-ch
pin,p-e-n
pin-riddled,p-e-n-=-r-e-d-ld
pins,p-e-n-left_s
pin work,p-e-n-r-k
pituitary,p-t-e-oo-t-r-e
pity,p-e-t-e
place,p-l-a-s
placed,p-l-a-s-t
places,p-l-a-left_s-s
placing,p-l-a-c-ing
plain,p-l-a-n
plaintiff,p-l-a-nt-f
plan,p-l-a-n
plane,p-l-a-n
planning,p-l-a-n-ing
plans,p-l-a-n-s
plant,p-l-a-nt
planted,p-l-a-nt-ted
plate,p-l-a-t
plausible,p-l-o-left_s-b
play,p-l-a
playback,p-l-a-b-a-k
players,p-l-a-r-s
playing,p-l-a-ing
plays,p-l-a-s
pleaded,p-l-e-ted
pleadings,p-l-e-d--left_s
pleasant,p-l-e-left_s-nt
please,p-l-e-s
pleased,p-l-e-s-d
pleases,p-l-e-left_s-s
pleasure,p-l-e-sh-oo-r
plenty,p-l-e-nt-e
plowed,p-l-a-oo-d
plug,p-l-oo-g
plunge,p-l-n-j
plunged,p-l-n-j-d
pneumonia,n-oo-m-o-n-ia
pockets,p-o-k-e-t-left_s
point,p-oi-nt
pointed,p-oi-nt-ted
points,p-oi-nt-left_s
polarize,p-o-l-r-I-left_s
police,p-o-l-e-s
policy,p-o-l-left_s-e
polish,p-o-l-sh
polished,p-o-l-sh-t
polite,p-o-l-I-t
political,p-o-l-e-t--k
polo,p-o-l-o
pool,p-oo-l
poor,p-oo-r
poorest,p-oo-r-e-left_s-t
popped,p-o-p-t
popular,p-o-p-l-r
popularity,p-o-p-l--r
port,p-o-r-t
portable,p-o-r-t-b
positive,p-o-s-t-v
possessed,p-o-left_s-s-t
possession,p-o-left_s-e-sh
possessions,p-o-left_s-e-sh-s
possibility,p-o-left_s-b--l
possible,p-o-left_s-b
possibly,p-o-left_s-b-e
position,p-o-left_s-e-sh
positive,p-o-left_s-t-v
post,p-o-left_s-t
postage,p-o-left_s-t-j
postage-paid,p-o-left_s-t-j-=-p-a-d
postal,p-o-left_s-t-l
postdated,p-o-left_s-d-a-ted
postman,p-o-left_s-t-m-a-n
postmaster,p-o-left_s-t-m-a-left_s-t-r
postoffice,p-o-left_s-t-o-f-e-s
postpone,p-o-left_s-t-p-o-n
postponed,p-o-left_s-t-p-o-nd
postponing,p-o-left_s-t-p-o-n-ing
posture,p-o-left_s-t-r
potato,p-o-t-a-t-o
potatoes,p-o-t-a-t-o-left_s
pot,p-o-t
potential,p-o-ten-sh-l
pots,p-o-t-left_s
pound,p-a-oo-nd
pounds,p-a-oo-nd-left_s
poverty,p-o-v-r-t-e
power,p-a-oo-r
power of attorney,p-a-oo-t-e-r-n-e
practical,p-r-a-k-t--k
practice,p-r-a-k-t-e-left_s
praise,p-r-a-s
prayed,p-r-a-d
prayer,p-r-a-r
precede,p-r-e-left_s-e-d
precious,p-r-e-sh-oo-s
prefer,p-r-e-f-e-r
preferred stock,p-r-e-f-e-rd--s-t-o-k
prefers,p-r-e-f-e-r-left_s
prejudice,p-r-e-j-d-e-left_s
prepare,p-r-e-p-a-r
prepared,p-r-e-p-a-rd
prepares,p-r-e-p-a-r-s
preparing,p-r-e-p-a-r-ing
preponderance,p-r-e-p-o-nd
present,p-r-e-left_s-nt
presenting,p-r-e-left_s-nt-ing
presents,p-r-e-left_s-e-nt-left_s
president,p-r-e-left_s-ten-t
press,p-r-e-left_s
pressed,p-r-e-left_s-t
pressers,p-r-e-left_s-e-r-left_s
pressures,p-r-e-sh-oo-r-left_s
pressurized,p-r-e-sh-oo-r-I-left_s-d
pretended,p-r-e-ten-ted
pretending,p-r-e-ten-d-ing
pretty,p-r-e-t-e
previous,p-r-e-v-oo-s
prevent,p-r-e-v-nt
price,p-r-I-s
priced,p-r-I-s-t
prices,p-r-I-left_s-s
primarily,p-r-I-m-r-e-e
primary,p-r-I-m-r-e
prime,p-r-I-m
primitive,p-r-e-m-e-t-v
principal,p-r-e-n-left_s-p-l
principal's,p-r-e-n-left_s-p-l-left_s
printer's query,p-r-e-nt-r-left_s--k-e-_-r-e
prior,p-r-Ia-r
priority,p-r-I--r
prison,p-r-e-left_s-n
privilege,p-r-e-v
prize,p-r-I-left_s
prizes,p-r-I-left_s-s --p-r-b
probate,p-r-o-b-a-t
problem,p-r-o-b-l-e-m
problems,p-r-o-b-l-e-m-left_s
proceed,p-r-o-s-e-d
proceedings,p-r-o-s-e-d--left_s
procession,p-r-o-s-e-sh
procured,p-r-o-k-rd
procures,p-r-o-k-r-left_s
produced,p-r-o-d-oo-s-t
production,p-r-o-d-oo-k-sh
profits,p-r-o-f-e-t-left_s
professional,p-r-o-f-e-sh-l
professors,p-r-o-f-e-s-r-left_s
probable,
probably,p-r-b-e
projector,p-r-o-j-e-k-t-r
prolong,p-r-o-l-o-ng
promise,p-r-o-m-e-left_s
promised,p-r-o-m-e-left_s-t
promising,p-r-o-m-e-left_s-ing
promissory note,p-+-n-o-t
promotes,p-r-o-m-o-t-s
promoting,p-r-o-m-o-t-ing
promotion,p-r-o-m-o-sh
promptly,p-r-o-mt-e
promptness,p-r-o-mt-n-e-left_s
pronounced,p-r-o-n-a-oo-n-left_s-t
pronouncing,p-r-o-n-s-oo-n-left_s-ing
proofreader,p-r-oo-f-r-e-d-r
proper,p-r-o-p-r
property,p-r-o-p-r-t-e
propose,p-r-o-p-o-left_s
proposed,p-r-o-p-o-s-d
propulsion,p-r-o-p-oo-l-sh
prosecution,p-r-o-left_s-k-e-oo-sh
prospect,p-r-o-left_s-p
protect,p-r-o-t-e-k-t
protected,p-r-o-t-e-k-ted
protection,p-r-o-t-e-k-sh
protestant,p-r-o-t-e-left_s-ten-t
proud,p-r-a-oo-d
proudly,p-r-a-oo-d-e
prove,p-r-oo-v
proved,p-r-oo-v-d
provide,p-r-o-v-I-d
provided,p-r-o-v-I-ted
provides,p-r-o-v-I-d-left_s
provided,p-r-o-v-I-ted
providing,p-r-o-v-I-d-ing
provision,p-r-o-v-e-sh
P.S.,p--s
psychology,s-I-k-o-l
public,p-oo-b-l-e-k
publication,p-oo-b-l-e-k-a-sh
pulled,p-oo-ld
pulling,p-oo-l-ing
punished,p-n-sh-t
purchased,p-r-ch-a-s-t
purchasing,p-r-ch-a-s-ing
purple,p-r-p-l
purpose,p-r-p-o-left_s
purulent,p-e-oo-r-l-e-nt
pushes,p-oo-sh-s
put,p-oo-t
puts,p-oo-t-left_s
puzzle,p-oo-s-l
puzzling,p-oo-s-l-ing
quarterly,k-o-_-r-t-l-e
quality,k-l
quarter,k-o-_-r-t-r
query,k-e-_-r-e
quick,k-e-_-k
quicken,k-e-_-k-n
quickest,k-e-_-k-e-s-t
quiet,k-Ia-_-t
quit,k-e-_-t
quite,k-I-_-t
quota,k-o-_-t-a
quote,k-o-_-t
quoted,k-o-_-ted
race,r-a-s
radiation,r-a-d-ia-sh
radio,r-a-d-e-o
radioactive,r-a-d-a-k-t-v
raged,r-a-j-d
railroad,r-a-l-r-o-d
railroads,r-a-l-r-o-d-left_s
rails,r-a-l-left_s
railway,r-a-l-a_
rambled,r-a-m-b-ld
question,k-sh
questionable,k-sh-b
questioned,k-sh-d
questioning,k-sh-ing
questions,k-sh-s
rain,r-a-n
rained,r-a-nd
raised,r-a-left_s-d
raises,r-a-left_s-s
raked,r-a-k-t
rarely,r-a-r-e
raid,r-a-d
raise,r-a-s
raising,r-a-s-ing
ran,r-a-n
rang,r-a-ng
range,r-a-n-j
ranges,r-a-n-j-s
rank,r-a-ngk
ranked,r-a-ngk-t
rapid,r-a-p-d
rapidly,r-a-p-d-e
rate,r-a-t
rates,r-a-t-s
rather,r-a-th-r
rating,r-a-t-ing
ratings,r-a-t--s
ration,r-a-sh
rationed,r-a-sh-d
rations,r-a-sh-s
raw,r-o
Ray,r-a
Ray's,r-a-s
razor,r-a-left_s-e-r
reach,r-e-ch
reached,r-e-ch-t
reaching,r-e-ch-ing
react,r-a-k-t
reactance,r-a-k-ten-left_s
reader,r-e-d-r
readers,r-e-d-r-left_s
reading,r-e-d-ing
readings,r-e-d--s
ready,r-e-d-e
real,r-e-l
reality,r-e--l
realize,r-e-l-I-left_s
realized,r-e-l-I-left_s-d
really,r-e-l-e
reams,r-e-m-s
reaping,r-e-p-ing
rear,r-e-r
reason,r-s-n
reasonable,r-s-n-b
reasons,r-s-n-left_s
reassured,r-a-sh-oo-rd
rebate,r-b-a-t
recall,r-e-k-o-l
receipt,r-s-e-t
receipted,r-s-e-ted
receipts,r-s-e-t-left_s
receive,r–s-e-v
received,r-s-e-v-d
recent,r-s-e-nt
recently,r-s-e-nt-e
record,r-e-k-o-rd
records,r-e-k-o-rd-left_s
recover,r-e-k-oo-v-r
recovery,r-e-k-oo-v-r-e
recreation,r-e-k-r-ia-sh
rectifier,r-e-k-t-f-Ia-r
recurrence rate,r-e-k-r-e-n-left_s--r-a-t
red blood cells,r-e-d-b--s-s
reduce,r-e-d-oo-s
reduced,r-e-d-oo-s-t
referee,r-f-e-r-e
reflect,r-f-l-e-k-t
reflections,r-f-l-e-k-sh-s
reflector,r-f-l-e-k-t-r
reform,r-f-m
reformed,r-f-md
refraining,r-f-r-a-n-ing
refund,r-f-nd
refusal,r-f-e-oo-s-l
refusals,r-f-e-oo-s-l-left_s
refuse,r-f-e-oo-s
refused,r-f-e-oo-s-d
refuses,r-f-e-oo-s-left_s
regain,r-e-g-a-n
regularity,r-e-g-l--r
rehearsal,r-h-e-r-left_s-a-l
reign,r-a-n
reimbursement,r-e-m-b-r-left_s-m
reinsurance,r-e-n-sh
rejoiced,r-j-oi-left_s-t
relapse,r-e-l-a-p-left_s
relate,r-e-l-a-t
relation,r-e-l-a-sh
relations,r-e-l-a-sh-s
relative,r-e-l-a-t-v
relatives,r-e-l-a-t-v-s
relay,r-e-l-a
released,r-e-l-e-left_s-t
releases,r-e-l-e-left_s-s
reliability,r-e-l-I-b--l
reliable,r-e-l-I-b
reliance,r-e-l-Ia-n-left_s
reliant,r-e-l-Ia-nt
relieved,r-e-l-e-v-d
religion,r-e-l-e-j-n
reluctance,r-e-l-oo-k
reluctant,r-e-l-oo-k
reluctantly,r-e-l-oo-k-e
rely,r-e-l-I
remained,r-e-m-a-nd
remaining,r-e-m-a-n-ing
remains,r-e-m-a-n-left_s
remedy,r-e-m-e-d-e
remember,r-e-m-e-m-b-r
remembered,r-e-m-e-m-b-rd
remembering,r-e-m-e-m-b-r-ing
remote,r-e-m-o-t
remote control,r-e-m-o-t-+-k
remove,r-e-m-oo-v
removed,r-e-m-oo-v-d
removing,r-e-m-oo-v-ing
rendition,r-e-ten-sh
renew,r-e-n-oo
renewal,r-e-n-oo-l
renewed,r-e-n-oo-d
rent,r-e-nt
rented,r-e-nt-ted
repaid,r-p-a-d
repair,r-p-a-r
repairing,r-p-a-r-ing
repairs,r-p-a-r-left_s
repay,r-p-a
repayment,r-p-a-m
repeat,r-p-e-t
repel,r-p-e-l
replace,r-p-l-a-left_s
replacement,r-p-l-a-left_s-men
replanting,r-p-l-a-nt-ing
replied,r-p-l-I-d
reply,r-p-l-I
report,r-p-o-r-t
reported,r-p-o-r-ted
reproduction proof,r-p-r-o-d-oo-k-sh--p
request,r-e-k-e-_-s-t
required,r-e-k-I_rd
requires,r-e-k-I-r-left_s
research,r-left_s-e-r-ch
researches,r-left_s-e-r-ch-s
resembled,r-s-e-m-b-ld
residence,r-s-e-ten-left_s
resident,r-s-e-ten-t
resigned,r-s-I-nd
resist,r-left_s-s-t
resistance,r-left_s-s-ten-left_s
resort,r-s-o-r-t
resources,r-s-o-r-left_s-s
respects,r-left_s-p-e-k-t-left_s
respond,r-left_s-p-o-nd
respondent,r-left_s-p-o-nd-nt
responsible,r-left_s-p-o-n-left_s-b
responsibility,r-s-p-o-n-left_s-b--l
restaurant,r-s-t-r-a-nt
restful,r-e-left_s-t-f
restores,r-s-t-o-r-left_s
result,r-s-oo-l-t
resulted,r-s-oo-l-ted
results,r-s-oo-l-t-left_s
retail,r-e-t-a-l
retailing,r-e-t-a-l-ing
retain,r-e-ten
retention,r-e-ten-sh
retire,r-e-t-I-r
retired,r-e-t-I-rd
retiring,r-e-t-I-r-ing
retouching,r-e-t-oo-ch-ing
return,r-e-t-e-r-n
returned,r-e-t-e-r-nd
reveal,r-v-e-l
revealing,r-v-e-l-ing
reveals,r-v-e-l-left_s
reverse,r-v-er-left_s
review,r-v-e-oo
reviewed,r-v-e-oo-d
revise,r-v-I-s
revision,r-v-e-sh
reward,r-e--d
rewarded,r-e--ted
rheostat,r-e-o-s-t-a-t
ribbons,r-e-b-n-left_s
right,r-I-t
right of lien,r-I-t-l-e-n
ring,r-e-ng
ripe,r-I-p
ripened,r-I-p-e-nd
ripening,r-I-p-n-ing
rise,r-I-left_s
risk,r-e-left_s-k-s
risks,r-e-left_s-k-s
river,r-e-v-r
rivers,r-e-v-r-s
road,r-o-d
roads,r-o-d-s
roadster,r-o-d-s-t-r
roadway,r-o-d-a_
roast,r-o-left_s-t
roasting,r-o-left_s-t-ing
robes,r-o-b-left_s
Rogers,r-o-j-e-r-left_s
roll,r-o-l
rolled,r-o-ld
Rome,r-o-m
roof,r-oo-f
room,r-oo-m
rope,r-o-p
rose,r-o-left_s
rough,r-oo-f
rougher,r-oo-f-r
roughly,r-oo-f-e
round,r-a-oo-nd
rounding,r-a-oo-nd-ing
rowing,r-o-ing
Roy,r-oi
royalty,r-oi--l
rubbers,r-oo-b-r-left_s
ruin,r-oo-n
rule,r-oo-l
Rumplesnitz,r-m-p-l-s-n-e-t-left_s
run,r-n
run around,r-n--a-r-a-oo-nd
running,r-n-ing
runs,r-n-left_s
rush,r-oo-sh
sack,s-a-k
sacrifice,s-a-k-r-f-I-s
sadly,s-a-d-e
safety,s-a-f-t-e
said,s-e-d
sailboat,s-a-l-b-o-t
sailing,s-a-l-ing
sailor,s-a-l-r
saint,s-a-nt
safe,s-a-f
safes,s-a-f-s
salary,left_s-a-l-r-e
salaries,left_s-a-l-r-e-left_s
sale,left_s-a-l
sales,left_s-a-l-left_s
salesman,left_s-a-l-left_s-m-a-n
salvation,left_s-a-l-v-a-sh
Sam's,s-a-m-left_s
same,s-a-m
Samuel,s-a-m-l
Sanders,s-a-nd-r-left_s
sane,s-a-n
sang,s-a-ng
sank,s-a-ngk
sat,s-a-t
satisfactory,s-a-t-e-left_s
satisfactorily,s-a-t-e-left_s-e
satisfied,s-a-t-e-left_s-d
Saturday,s-a-t
sauce,s-o-left_s
saved,s-a-v-d
saves,s-a-v-s
saving,s-a-v-ing
saying,s-a-ing
says,left_s-s
scale,s-k-a-l
scandals,s-k-a-nd-l-left_s
scaring,s-k-a-r-ing
scathing,s-k-a-over_th-ing
schedule,s-k-e-d-l
scheduling,s-k-e-d-l-ing
schedules,s-k-e-d-l-left_s
scholar,s-k-o-l-r
scholars,s-k-o-l-r-left_s
school,s-k-oo-l
school board,s-k-oo-l-+-b
schooling,s-k-oo-l-ing
schoolmates,s-k-oo-l-m-a-t-left_s
science,s-Ia-n-left_s
sciences,s-Ia-n-left_s-s
score,s-k-o-r
Scotts,s-k-o-t-left_s
scratch,s-k-r-a-ch
scratches,s-k-r-a-ch-s
screaming,s-k-r-e-m-ing
screams,s-k-r-e-m-left_s
screen,s-k-r-e-n
scrubbed,s-k-r-oo-b-d
sea,s-e
seal,s-e-l
searched,s-e-r-ch-t
season,s-e-s-n
seat,s-e-t
seats,s-e-t-s
second,s-e-k-nd
secret,s-e-k-r-e-t
secretarial,s-e-k-r-e-t-r-ia-l
section,s-e-k-sh
secure,s-e-k-r
secures,s-e-k-r-left_s
securely,s-e-k-r-e
securing,s-e-k-r-ing
security,s-e-k--r-left_s
see,s-e
seed,s-e-d
seeds,s-e-d-left_s
seeing,s-e-ing
seem,s-e-m
seemed,s-e-md
seemingly,s-e-m--e
seems,s-e-m-s
seen,s-e-n
sees,s-e-s
seldom,left_s-e-ld-m
select,s-e-l-e-c-t
selection,s-e-l-e-k-sh
selectivity,s-e-l-e-k-t-v-t-e
self,s-e-l-f
self-improvement,s-e-l-f-=-e-m-p-r-oo-v-m
sell,left_s-e-l
seller,left_s-e-l-r
selling,left_s-e-l-ing
semester,s-e-m-e-s-t-r
senator,s-e-n-a-t-r
send,s-e-n
sense,s-e-n-left_s
senses,s-e-n-left_s-s
sent,s-e-nt
sentence,s-e-n-ten-left_s
sentimental,s-e-nt-e-m-l
September,left_s-e-p
septicemia,left_s-e-p-t-s-e-m-ia
serious,s-e-r-oo-s
seriously,s-e-r-oo-s-e
serve,s-e-r-v
served,s-e-r-v-d
service,s-e-r-v-e-s
set,s-e-t
setbacks,s-e-t-b-a-k-s
setting,s-e-t-ing
settled,s-e-t-ld
settles,s-e-t-l-left_s
several,s-e-v-r-l
severely,s-e-v-e-r-e
send the,s-e-n-over_th
send them,s-e-n-over_th-e-m
sender,s-e-n-r
sending,s-e-n-ing
sends,s-e-n-left_s
shabby,sh-a-b-e
shaken,sh-a-k-n
shall,sh
shame,sh-a-m
shamed,sh-a-md
shames,sh-a-m-left_s
shape,sh-a-p
shaped,sh-a-p-d
shapes,sh-a-p-s
share,sh-a-r
shares,sh-a-r-s
sharing,sh-a-r-ing
shaved,sh-a-v-d
she would,sh-d
shed,sh-e-d
shelf,sh-e-l-f
shift,sh-e-f-t
shoes,sh-oo-s
shall have,sh-v
short,sh-t
short circuit,sh-t--left_s-e-r-k-e-t
shorter,sh-t-r
shorthand,sh-t-h-a-nd
shortly,sh-t-e
shop,sh-o-p
shoulder,sh-o-ld-r
shoulders,sh-o-ld-r-left_s
shouting,sh-a-oo-t-ing
show,sh-o
showed,sh-o-d
showing,sh-o-ing
shows,sh-o-left_s
shrewd,sh-r-oo-d
shroud,sh-r-a-oo-d
shrink,sh-r-e-nk
shut,sh-oo-t
sick,s-e-k
sickle,s-e-k-l
sickness,s-e-k-n-e-left_s
side,s-I-d
sides,s-I-d-left_s
sidewalk,s-I-d-oo-o-k
sigh,s-I
sight,s-I-t
sign,s-I-n
signature,s-e-g
signs,s-I-n-left_s
silently,s-I-l-e-nt-e
silhouette,left_s-e-l-e_t
silk,left_s-e-l-k
silks,s-e-l-k-s
silver,left_s-e-l-v-r
should,sh-d
should be,sh-d-b
shouldn't,sh-d-nt
similar,s-m-l-r
simple,s-e-m-p-l
simply,s-e-m-p-e
since,s-e-n-left_s
singer,s-e-ng-r
singing,s-e-ng-ing
single,s-e-ng-l
singleness,s-e-ng-l-n-e-left_s
sir,left_s-e-r
sister,left_s-s-t-r
sit,s-e-t
sits,s-e-t-left_s
sitting,s-e-t-ing
size,s-I-s
sized,s-I-s-d
sizes,s-I-s-left_s
sketching,s-k-e-ch-ing
skin,s-k-e-n
slabs,left_s-l-a-b-left_s
slam,left_s-l-a-m
slavery,left_s-l-a-v-r-e
sleep,left_s-l-e-p
slept,left_s-l-e-p-t
slice,left_s-l-I-left_s
slide,left_s-l-I-d
slight,left_s-l-I-t
slightly,left_s-l-I-t-e
slow,s-l-o
slower,s-l-o-r
slowly,s-l-o-e
sluggish,left_s-l-oo-g-sh
small,s-m-o-l
smaller,s-m-o-l-r
smart,s-m-a-r-t
smartly,s-m-a-r-t-e
smile,s-m-I-l
Smith,s-m-e-over_th
Smith's,s-m-e-over_th-left_s
smoker,s-m-o-k-r
smoking,s-m-o-k-ing
smooth,s-m-oo-over_th
smoother,s-m-oo-over_th-r
smooths,s-m-oo-over_th-left_s
smoothly,s-m-oo-over_th-e
snapped,s-n-a-p-t
snatch,s-n-a-ch
sneak,s-n-e-k
sneer,s-n-e-r
snow,s-n-o
snowed,s-n-o-d
snowing,s-n-o-ing
snows,s-n-o-s
so,s-o
soak,s-o-k
soap,s-o-p
soap operas,s-o-p--o-p-r-a-left_s
soapy,s-o-p-e
sober,s-o-b-r
soberly,s-o-b-r-e
social,s-o-sh-l
society,s-o-s-Ia-t-e
sofa,s-o-f-a
softly,s-o-f-t-e
soil,s-oi-l
sold,s-o-ld
solicitude,s-o-l-e-left_s-t-oo-d
solution,s-o-l-oo-sh
solve,s-o-l-v
solvent,s-o-l-v-nt
solving,s-o-l-v-ing
soon,s-oo-n
some,s-m
somebody,s-m-b-o-d-e
somehow,s-m-h-a-oo
something,s-m--under_th-e-ng
sometimes,s-m-t-I-m-left_s
somewhere,s-m-a-r
son,s-n
sonar,s-o-n-a-r
song,s-o-ng
sooner,s-oo-n-r
sorority,s-o-r--r
sorry,s-o-r-e
sort,s-o-r-t
sorts,s-o-r-t-left_s
soul,s-o-l
sound,s-a-oo-nd
sounds,s-a-oo-nd-left_s
source,s-o-r-left_s
south,s-a-oo-over_th
southbound,s-a-oo-over_th-b-a-oo-nd
space,left_s-p-a-left_s
Spain,left_s-p-a-n
span,left_s-p-a-n
spar,left_s-p-a-r
spare,left_s-p-a-r
spare-time,left_s-p-a-r-=-t-I-m
sparks,left_s-p-a-r-k-s
speak,left_s-p-e-k
speaking,left_s-p-e-k-ing
speaker,left_s-p-e-k-r
speakers,left_s-p-e-k-r-left_s
speaking,left_s-p-e-k-ing
special,left_s-p-e-sh-l
specialist,left_s-p-e-sh-l-e-left_s-t
specific,left_s-p-e-left_s-f-c
spectrometer,left_s-p-e-k-t--r--m
speed,left_s-p-e-d
speedy,left_s-p-e-d-e
spell,left_s-p-e-l
spend,left_s-p-e-nd
spends,left_s-p-e-nd-left_s
spent,left_s-p-e-nt
spied,left_s-p-I-d
spilled,left_s-p-e-ld
spin,left_s-p-e-n
spinning,left_s-p-e-n-ing
spirit,left_s-p-e-r-e-t
spitball,s-p-e-t-b-a-l
spite,s-p-I-t
splendor,s-p-l-e-nd-r
spoiled,left_s-p-oi-ld
spoke,left_s-p-o-k
spoken,left_s-p-o-k-n
sporting,left_s-p-o-r-t-ing
spot,left_s-p-o-t
spots,left_s-p-o-t-left_s
spouse,left_s-p-a-oo-s
spread,left_s-p-r-e-d
spurious,left_s-p-e-oo-r-oo-s
spurted,left_s-p-r-ted
square,s-k-a-_-r
squarely,s-k-a-_-r-e
squares,s-k-a-_-r-left_s
stabilizer,s-t-a-b-l-I-left_s-e-r
stage,s-t-a-j
stages,s-t-a-j-s
stake,s-t-a-k
stammered,s-t-a-m-rd
stand-by,s-ten-d-b
standing,s-ten-d-ing
star,s-t-a-r
start,s-t-a-r-t
started,s-t-a-r-ted
starts,s-t-a-r-t-left_s
state,s-t-a-t
stated,s-t-a-ted
statements,s-t-a-t-m-left_s
states,s-t-a-t-left_s
station,s-t-sh
stations,s-t-sh-s
stature,s-t-a-t-r
statute,s-t-a-t-oo-t
stays,s-t-a-s
stayed,s-t-a-d
staying,s-t-a-ing
steadier,s-ted-e-r
steady,s-ted-e
stealing,s-t-e-l-ing
steam,s-t-e-m
steaming,s-t-e-m-ing
steamship,s-t-e-m-sh-e-p
steerage,s-t-e-r-j
Stephens,s-t-e-v-n-s
step,s-t-e-p
steps,s-t-e-p-left_s
stereophonic,s-t-e-r-f-o-n-e-k
stick,s-t-e-k
stiff,s-t-e-f
still,s-t-e-l
stimulus,s-t-e-m-l-oo-s
stock,s-t-o-k
stock exchange,s-t-o-k-e-s-j
stole,s-t-o-l
stolen,s-t-o-l-n
stomach,s-t-m-a-k
stone,s-t-o-n
stones,s-t-o-n-left_s
stood,s-t-oo-d
stooped,s-t-oo-p-t
stop,s-t-o-p
stopover,s-t-o-p--o
stoppage,s-t-o-p-j
stooping,s-t-oo-p-ing
stops,s-t-o-p-left_s
stopped,s-t-o-p-t
stopping,s-t-o-p-ing
storage,s-t-o-r-j
store,s-t-o-r
stored,s-t-o-rd
stores,s-t-o-r-s
stories,s-t-o-r-e-left_s
story,s-t-o-r-e
stove,s-t-o-v
stoves,s-t-o-v-s
straight,s-t-r-a-t
straighten,s-t-r-a-ten
strange,s-t-r-a-n-j
stranger,s-t-r-a-n-j-e-r
strangers,s-t-r-a-n-j-e-r-left_s
straw,s-t-r-o
stream,s-t-r-e-m
street,s-t-r-e-t
strength,s-t-r-e-ng-over_th
stretched,s-t-r-e-ch-t
strike,s-t-r-I-k
striped,s-t-r-I-p-t
striving,s-t-r-I-v-ing
stroke,s-t-r-o-k
strong,s-t-r-o-ng
strong-headed,s-t-r-o-ng-=-h-e-ted
structure,s-t-r-oo-c-t-r
stuck,s-t-oo-k
student,s-t-oo-ten-t
studies,s-t-oo-d-e-left_s
studious,s-t-oo-d-oo-s
study,s-t-oo-d-e
studying,s-t-oo-d-e-ing
stuff,s-t-oo-f
stumble,s-t-m-b
stumbled,s-t-m-b-ld
stunning,s-t-n-ing
stunts,s-t-nt-left_s
stupid,s-t-oo-p-d
style,s-t-I-l
styles,s-t-I-l-left_s
styptic,s-t-e-p-t-e-k
subdivide,s-d-v-I-d
subject,s-j-e-k-t
sublease,left_s-l-e-left_s
sublet,left_s-l-e-t
submission,s-m-sh
submit,s-m-e-t
submitted,s-m-e-ted
subscribe,s-s-k-r-I-b
subscription,s-s-k-r-e-p-sh
subsequently,s-s-e-k-e
subsidiary,s-s-e-d-ia-r-e
substantial,s-s-ten-sh-l
substantiate,s-s-ten-sh-ia-t
subtitle,s-t-I-t-l
suburb,left_s-e-r-b
subway,s-oo-a
succeed,s-oo-k-s-e-d
succeeded,s-oo-k-s-e-ted
successes,s-oo-k-left_s-s
such,s-oo-ch
sudden,s-oo-ten
suddenly,s-oo-ten-e
sufficient,s-oo-f-e-sh-nt
suffocate,s-oo-f-k-a-t
suit,s-oo-t
suggest,s-oo-g
suggested,s-oo-g-d
suggestion,s-oo-g-sh
suggestions,s-oo-g-sh-s
suite,s-oo-e-t
sun,s-n
Sunday,s-n
sunning,s-n-ing
supersonic,s-oo-p-r-s-o-n-e-k
supplied,s-p-l-I-d
supply,s-p-l-I
support,left_s-p-o-r-t
supporting,left_s-p-o-r-t-ing
suppose,left_s-p-o-left_s
supposing,left_s-p-o-left_s-ing
sure,sh-oo-r
surely,sh-oo-r-e
surety,sh--r
surface,s-e-r-f-a-s
surgeon,s-e-r-j-n
surgeons,s-e-r-j-n-left_s
surgical,left_s-e-r-j--k
surplus,s-e-r-p-l-oo-s
surprise,s-e-r-p-r-I-left_s
surprised,s-e-r-p-r-I-left_s-d
surrender,left_s-e-r-e-nd-r
surrender value,left_s-e-r-e-nd-r-+-v
sustained,left_s-s-ten-d
survival,left_s-e-r-v-I-v-l
survive,s-e-r-v-I-v
swallow,s-oo-o-l-o
swam,s-oo-a-m
sway,s-oo-a
swear,s-oo-a-r
Swedish,s-oo-e-d-sh
swell,s-oo-e-l
swelling,s-oo-e-l-ing
sweep,s-oo-e-p
sweet,s-oo-e-t
sweetheart,s-oo-e-t-h-a-r-t
sweetly,s-oo-e-t-e
swift,s-oo-e-f-t
swim,s-oo-e-m
swimmer,s-oo-e-m-r
swimming,s-oo-e-m-ing
swims,s-oo-e-m-left_s
swing,s-oo-e-ng
switch,s-oo-e-ch
swore,s-oo-o-r
swung,s-oo-ng
sympathize,s-e-m-p-over_th-I-s
table,t-a-b
table of contents,t-a-b-k-ten-t-left_s
tact,t-a-k-t
tactful,t-a-k-t-f
tail,t-a-l
tail wind,t-a-l--oo-e-nd
take,t-a-k
taken,t-a-k-n
takes,t-a-k-s
taking,t-a-k-ing
tale,t-a-l
tales,t-a-l-left_s
talents,t-a-l-e-nt-left_s
talk,t-o-k
talked,t-o-k-t
talking,t-o-k-ing
talks,t-o-k-s
tame,t-a-m
tape recorder,t-a-p--r
task,t-a-left_s-k
taste,t-a-left_s-t
tasted,t-a-left_s-ted
taught,t-o-t
tax,t-a-k-s
tax-exempt,t-a-left_s-s-e-mt
taxied,t-a-left_s-s-e-d
Taylor,t-a-l-r
tea,t-e
teach,t-e-ch
teacher,t-e-ch-e-r
teachers,t-e-ch-e-r-s
teaches,t-e-ch-s
teaching,t-e-ch-ing
team,t-e-m
teams,t-e-m-s
teapot,t-e-p-o-t
tear,t-a-r
technical,t-e-k-n--k
technically,t-e-k-n--k-e
technician,t-e-k-n-sh
Ted,t-e-d
tedious,t-e-d-oo-s
tediously,t-e-d-oo-s-e
teeth,t-e-th
telecast,t-e-l-e-k-a-s-t
teletype,t-e-l-e-t-I-p
television,t-e-l-v-e-sh
tell,t-e-l
teller,t-e-l-r
telling,t-e-l-ing
tells,t-e-l-s
temper,t-e-m-p-r
temptation,t-e-m-p-sh
tempted,t-e-mt-ted
tenacious,ten-a-sh-oo-s
tendency,ten-ten-left_s-e
tender,ten-d-r
tends,ten-d-left_s
tension,ten-sh
terminal,t-e-r-men-l
terminated,t-e-r-men-a-ted
termination,t-e-r-men-sh
terrible,t-e-r-b
terrific,t-e-r-e-f-k
territory,t-e-r-e-t-r-e
territories,t-e-r-e-t-r-e-s
terror,t-e-r-r
terrors,t-e-r-r-left_s
term,t-e-r-m
terms,t-e-r-m-left_s
Tessie,t-e-left_s-e
test,t-e-left_s-t
tested,t-e-left_s-ted
testified,t-e-left_s-t-f-I-d
testimonial,t-e-left_s-t-e-m-o-n-ia-l
than,over_th-a-n
thank,under_th-a-ngk
that,over_th-a-t
that's,over_th-a-t-left_s--'
that is,over_th-t-left_s
that will,over_th-a-t-l
the,over_th
their,under_th
them,over_th-e-m
themselves,over_th-e-m-left_s-e-l-v-s
theory,under_th-e-r-e
theories,under_th-e-r-e-left_s
theirs,under_th-left_s
there,under_th
there are,under_th-r
there is,under_th-left_s
there isn't,under_th-left_s-oo-nt
there may,under_th-m-a
there was,under_th-o-left_s
there wasn't,under_th-o-left_s-nt
there will,under_th-l
there will be,under_th-l-b
therefore,under_th-f
these,over_th-e-s
they,over_th-a
thick,over_th-e-k
thicker,over_th-e-k-r
thicket,over_th-e-k-e-t
thickly,over_th-e-k-e
thief,over_th-e-f
thing,under_th-e-ng
things,under_th-e-ng-left_s
think,under_th-e-ngk
thinkers,under_th-e-ngk-r-left_s
thinks,under_th-e-nk-left_s
third,under_th-e-rd
this,over_th-s
this is,over_th-s-s
this is the,over_th-s-over_th
this man,over_th-s-m-a-n
this may,over_th-s-m-a
Thomas,t-o-m-a-left_s
thoroughly,under_th-e-r-o-e
though,under_th-o
thought,under_th-o-t
thoughtful,under_th-o-t-f
thoughtfully,under_th-o-t-f-e
thoughtless,under_th-o-t-l-e-left_s
thread,under_th-r-e-d
threaten,under_th-r-e-ten
threatened,under_th-r-e-ten-d
threatens,under_th-r-e-ten-left_s
three,under_th-r-e
thrift,under_th-r-e-f-t
thrill,under_th-r-e-l
thrilling,under_th-r-e-l-ing
thrills,under_th-r-e-l-left_s
through,under_th-r-oo
through the,under_th-r-oo-over_th
throwing,under_th-r-o-ing
throws,under_th-r-o-s
thrust,under_th-r-oo-s-t
Thursday,under_th-r-left_s
thus,over_th-oo-s
thyroid,under_th-I-r-o-e-d
ticket,t-e-k-e-t
tickets,t-e-k-e-t-left_s
tied,t-I-d
ties,t-I-left_s
tickets,t-e-k-e-t-s
till,t-e-l
time,t-I-m
timely,t-I-m-e
times,t-I-m-s
timid,t-e-m-e-d
tip-in,t-e-p-n
tired,t-I-rd
tires,t-I-r-s
title page,t-I-t-l-p-a-j
to catch,t-oo-k-a-ch
to come,t-k-m
to get,t-oo-g-e-t
to give,t-oo-g-e-v
to give you,t-oo-g-e-v-oo
to go,t-g-o
to grow,t-oo-g-r-o
to keep,t-oo-k-e-p
to question,t-oo-k-sh
to take,t-oo-t-a-k
to talk,t-oo-t-o-k
to teach,t-oo-t-e-ch
to tell,t-oo-t-e-l
to that,t-oo-over_th-a-t
to the,t-th
to them,t-oo-over_th-e-m
to this,t-oo-over_th-s
to try,t-oo-t-r-I
to whom,t-oo-h-oo-m
to you,t-oo-oo
to it,t-oo-t
to its,t-oo-t-left_s
toasted,t-o-left_s-ted
today,t-oo-d-a
toe,t-o
together,t-oo-g-e-over_th-r
toil,t-oi-l
token,t-o-k-n
tolerant,t-o-l-r-a-nt
told,t-o-ld
toll,t-o-l
Tom,t-o-m
tomorrow,t-o-m-o-r-o
tone,t-o-n
tonight,ten-I-t
tonsillitis,ten-left_s-e-l-I
too,t-oo
took,t-oo-k
tooth,t-oo-over_th
toothbrush,t-oo-over_th-b-r-oo-sh
top,t-o-p
topic,t-o-p-k
tore,t-o-r
total,t-o-t-l
totally,t-o-t-l-e
touch,t-oo-ch
toughest,t-oo-f-e-s-t
tow,t-o
toward,t-o-rd
towel,t-a-oo-l
town,t-a-oo-n
toy,t-oi
trace,t-r-a-left_s
traced,t-r-a-left_s-t
tracer,t-r-a-left_s-e-r
track,t-r-a-k
tracks,t-r-a-k-s
trade,t-r-a-d
trade mark,t-r-a-d--m
traded,t-r-a-ted
trades,t-r-a-d-s
trading,t-r-a-d-ing
traffic,t-r-a-f-k
tragic,t-r-a-j-k
train,t-r-a-n
trained,t-r-a-nd
training,t-r-a-n-ing
trains,t-r-a-n-left_s
traits,t-r-a-t-left_s
trance,t-r-a-n-left_s
transact,t--a-k-t
transcontinental,t--k-ten-nt-l
transcriber,t--k-r-I-b-r
transcripts,t--k-r-e-p-t-left_s
transferred,t--f-e-rd
transform,t--f-m
transformation,t--f-m-sh
transformed,t--f-md
transistor,t--e-s-t-r
translate,t--l-a-t
translation,t--l-a-sh
transmission,t--m-sh
transmit,t--m-e-t
transmits,t--m-e-t-left_s
transmittal,t--m-e-t-l
transmitted,t--m-e-ted
transmitter,t--m-e-t-r
transpire,t--p-I-r
travel,t-r-a-v-l
treasure,t-r-e-sh-oo-r
treasurer,t-r-e-sh-oo-r-r
treasury,t-r-e-sh-oo-r-e
treatment,t-r-e-t-m
treble,t-r-e-b
treat,t-r-e-t
treated,t-r-e-ted
trial,t-r-Ia-l
trial-and-error,t-r-Ia-l-=-nd-=-e-r-r
tribute,t-r-e-b-e-oo-t
tried,t-r-I-d
tries,t-r-I-left_s
trip,t-r-e-p
trips,t-r-e-p-left_s
trouble,t-r-b
troubles,t-r-b-left_s
trough,t-r-o-f
trousers,t-r-a-oo-s-r-left_s
truck,t-r-oo-k
true,t-r-oo
truly,t-r-oo-e
trundling,t-r-nd-l-ing
trust,t-r-oo-s-t
try,t-r-I
trying,t-r-I-ing
tub,t-oo-b
tube,t-e-oo-b
tuberculosis,t-+-b
tuition,t-e-oo-sh
tune,t-oo-n
turbine,t-e-r-b-n
turn,t-e-r-n
turned,t-e-r-nd
turning,t-e-r-n-ing
turntable,t-e-r-n-t-a-b
TV,t-+-v
twice,t-I-_-left_s
twice,t-I-_-left_s
two,t-oo
type,t-I-p
typed,t-I-p-t
types,t-I-p-left_s
typewriting,t-I-p-r-I-t-ing
typical,t-e-p--k
typography,t-I-p-g-r-a-f-e
ugly,oo-g-e
ulna,oo-l-n-a
ultrasonic,oo-l-t-r-s-o-n-e-k
under,oo
under go,oo--g-o
under_that,oo--over_th-a-t
under_the,oo--th
under_these,oo--over_th-e-s
undergone,oo--g-o-n
underground,oo--g-r-a-oo-nd
underneath,oo--n-e-over_th
undernourish,oo--n-e-r-sh-t
underpaid,oo--p-a-d
understand,oo--s-ten-d
understandable,oo--s-ten-d-b
understanding,oo--s-ten-d-ing
undertake,oo--t-a-k
undertook,oo--t-oo-k
underwriter,oo--r-I-t-r
undo,oo-n-d-oo
uneven,oo-n-e-v-n
unfamiliar,oo-n-f-a-m-e-l-r
unfit,oo-n-f-e-t
unfortunates,oo-n-f-oo-n-a-t-left_s
unhappy,oo-n-h-a-p-e
unhealthy,oo-n-h-e-l-under_th-e
unit,e-oo-n-e-t
unite,e-oo-n-I-t
united,e-oo-n-I-ted
unites,e-oo-n-I-t-left_s
unique,e-oo-n-e-k
unknowingly,oo-n-o--e
unlawful,oo-n-l-o-f
unless,oo-n-l-e-left_s
unmake,oo-n-D---m-a-k
unmodulated,oo-n-D---m-o-d-l-a-ted
unpaid,oo-n-p-a-d
unpleasant,oo-n-p-l-e-left_s-nt
unreasonable,oo-n-r-s-n-b
unusual,oo-n-e-oo-sh-oo-l
up,oo-p
upon,oo-p-o-n
upon the,oo-p-o-n-over_th
upshot,oo-p-sh-o-t
urge,e-r-j
urged,e-r-j-d
urging,e-r-j-ing
us,oo-s
use,e-oo-s
used,e-oo-s-t
useful,e-oo-s-f
usefully,e-oo-s-f-e
user,e-oo-s-r
uses,e-oo-s-left_s
using,e-oo-s-ing
usual,e-oo-sh-oo-l
usually,e-oo-sh-oo-l-e
utility,e-oo-t--l
utilize,e-oo-t-l-I-left_s
utter,oo-t-r
uttered,oo-t-rd
utterly,oo-t-r-e
vacancies,v-a-k-n-left_s-e-left_s
vacant,v-a-k-nt
vacation,v-a-k-a-sh
vacationer,v-a-k-a-sh-e-r
valley,v-a-l-e
value,v-a-l-e-oo
van dyke,v-a-n--d-I-k
variety,v-a-r-Ia-t-e
various,v-a-r-oo-s
varnished,v-a-r-n-sh-t
vascular,v-a-s-k-l-r
vase,v-a-s
vases,v-a-s-left_s
vault,v-o-l-t
vent,v-nt
ventilated,v-ten-l-a-ted
ventured,v-nt-rd
verdict,v-e-rd-e-k-t
versus,v-e-r-left_s-s
vertical,v-e-r-t--k
very,v-e-r-e
vessel,v-e-s-l
vice,v-I-s
vice-president,v-I-s-=-p-r-e-left_s-ten-t
vice versa,v-+-v
victory,v-e-k-t-r-e
victories,v-e-k-t-r-e-left_s
view,v-e-oo
viewed,v-e-oo-d
views,v-e-oo-s
village,v-e-l-j
villain,v-e-l-e-n
violently,v-Ia-l-e-nt-e
virtually,v-e-r-t-l-e
Viscount,v-e-k-a-oo-nt
visibility,v-e-b--l
visit,v-e-s-e-t
visited,v-e-s-e-ted
visiting,v-e-s-e-t-ing
visitor,v-e-s-e-t-r
visitors,v-e-s-e-t-r-left_s
vital,v-I-t-l
vitally,v-I-t-l-e
vocabulary,v-k-a-b-l-r-e
vocational,v-k-a-sh-l
voidable,v-oi-d-b
volume,v-o-l-oo-m
votes,v-o-t-s
voting,v-o-t-ing
voucher,v-a-oo-ch-e-r
vow,v-a-oo
vowed,v-a-oo-d
vowing,v-a-oo-ing
vows,v-a-oo-s
wall,oo-o-l
walk,oo-o-k
wait,oo-a-t
waited,oo-a-ted
waiter,oo-a-t-r
waits,oo-a-t-left_s
waited,oo-a-ted
waiting,oo-a-t-ing
waken,oo-a-k-n
waking,oo-a-k-ing
walking,oo-o-k-ing
want ad,oo-o-nt-a-d
wanting,oo-o-nt-ing
ward,oo-o-rd
warfare,oo-o-r-f-a-r
warm,oo-o-r-m
war,oo-o-r
warehouse,oo-a-r-h-a-oo-s
warning,oo-o-r-n-ing
was,o-left_s
washing,oo-o-sh-ing
wasted,oo-a-s-ted
watched,oo-o-ch-t
waters,oo-o-t-r-left_s
ways,oo-a-s
we,oo-e
wasn't,oo-left_s-nt
we are,oo-e-r
we could,oo-k-d
we have,oo-e-v
we know,oo-e-n-o
we must,oo-e-m-oo-s-t
we must be,oo-e-m-oo-s-t-b
we shall be,oo-e-sh-b
we should,oo-e-sh-d
we will,oo-e-l
weak,oo-e-k
weaken,oo-e-k-n
weakening,oo-e-k-n-ing
weakly,oo-e-k-e
weakness,oo-e-k-n-e-left_s
wealth,oo-e-l-under_th
wealthy,oo-e-l-under_th-e
wear,oo-a-r
weariness,oo-e-r-e-n-e-left_s
wearing,oo-a-r-ing
wears,oo-a-r-left_s
weary,oo-e-r-e
weather,oo-e-over-th-r
weather bureau,oo-e-over_th-r--b-e-oo-r-o
weavers,oo-e-v-r-left_s
weaving,oo-e-v-ing
web,oo-e-b
web press,oo-e-b--p-r-e-left_s
Wednesday,oo-e-n-left_s
week,oo-e-k
weekly,oo-e-k-e
weeks,oo-e-k-s
weep,oo-e-p
welcome,oo-e-l-k-m
welcomed,oo-e-l-k-md
well,oo-e-l
weigh,oo-a
weighed,oo-a-d
weight,oo-a-t
went,oo-e-nt
west,oo-e-s-t
westbound,oo-e-s-t-b-a-oo-nd
what,o-t
wheat,h-oo-e-t
wheel,h-oo-e-l
whether,h-oo-e-over_th-r
while,h-oo-I-l
whimpering,h-oo-e-m-p-r-ing
whisper,h-oo-e-left_s-p-r
whistled,h-oo-e-left_s-ld
whites,h-oo-I-t-left_s
who,h-oo
were,e-r
what are,o-t-r
weren't,r-nt
whatever,o-t-e-v-r
what's,o-t-left_s
what is,o-t-left_s
what will,o-t-l
when,e-n
when the,e-n-over_th
when they,e-n-over_th-a
whenever,e-n-e-v-r
where,a-r
which,ch
which is,ch-s
which the,ch-over_th
who are,h-oo-r
who do,h-oo-d-oo
who can,h-oo-k-a-n
who could,h-oo-k-d
who couldn't,h-oo-k-d-nt
who gets,h-oo-g-e-t-left_s
who have,h-oo-v
who is,h-oo-s
who made,h-oo-m-a-d
who may,h-oo-m-a
who will,h-oo-l
who will be,h-oo-l-b
who would,h-oo-d
who would have,h-oo-d-v
whole,h-o-l
wholesale,h-o-l-left_s-a-l
wholesaler,h-o-l-left_s-a-l-r
whose,h-oo-s
why,h-oo-I
wide,oo-I-d
wide-eyed,o-I-d-=-I-d
wider,oo-I-d-r
widow,oo-e-d-o
wife,oo-I-f
will,l
Will,oo-e-l
win,oo-e-n
wind,oo-e-nd
wind,oo-I-nd
window,oo-e-nd-o
winner,oo-e-n-r
winning,oo-e-n-ing
winnings,oo-e-n--left_s
wiped,oo-I-p-t
wireless,oo-I-r-l-left_s
wise,oo-I-s
will be,l-b
will have,l-h
willingly,l--e
wisely,oo-I-s-e
wish,oo-e-sh
with,e-th
with him,e-over_th-h-e-m
with our,e-over_th-r
with that,e-over_th-over_th-a-t
with the,e-over_th-over_th
with them,e-over_th-over_th-e-m
with these,e-over_th-over_th-e-s
with this,e-over_th-over_th-s
with us,e-over_th-oo-s
with whom,e-over_th-h-oo-m
with you,e-over_th-oo
withdrawal,e-over_th-d-r-o-l
without,e-over_th-a-oo-t
withstand,e-over_th-left_s-ten-d
without,e-over_th-a-oo-t
witness,oo-e-t-n-e-left_s
wits,oo-e-t-left_s
wives',oo-I-v-s
woman,oo-oo-m-a-n
women,oo-e-men
women's,oo-e-m-left_s
won,oo-oo-n
wonder,oo-oo-nd-r
wondered,oo-oo-nd-rd
wonderful,oo-oo-nd-r-f
wondering,oo-oo-nd-r-ing
won't,oo-o-nt
wood,oo-oo-d
woods,oo-oo-d-left_s
wool,oo-l
woolen,oo-l-n
word,oo-e-rd
word-of-mouth,oo-e-r-d-m-a-oo-over_th
work,r-k
work,oo-k
world,oo-e-r-ld
worn,oo-o-r-n
woven,oo-o-v-n
writer,r-I-t-r
written,r-e-ten
wrong,r-o-ng
wrote,r-o-t
work outs,r-k--a-oo-t-left_s
workable,r-k-b
worked,r-k-t
working,r-k-ing
works,r-k-s
workman,r-k-m-a-n
would,d
would be,d-b
would have,d-v
wouldn't,d-nt
Yale,ya-l
yard,ya-rd
yards,ya-rd-left_s
year,ye-r
yearly,ye-r-e
years,ye-r-left_s
yelled,ye-ld
yellow,ye-l-o
yells,ye-l-left_s
yes,ye-s
yesterday,e-s-t
yet,ye-t
yield,ye-ld
you,oo
you are,oo-r
you came,oo-k-a-m
you can,oo-k-a-n
you can be,oo-k-a-n-b
you cannot,oo-k-a-n-o-t
you could,oo-k-d
you could be,oo-k-d-b
you could have,oo-k-d-v
you couldn't,oo-k-d-nt
you could see,oo-k-d-left_s-e
you don't,oo-d-o-nt
you get,oo-g-e-t
you have,oo-v
you've,oo-v
you have not,oo-v-n-o-t
you haven't,oo-v-nt
you know,oo-n-o
you made,oo-m-a-d
you may,oo-m-a
you mean,oo-m-e-n
you might,oo-m-I-t
you must,oo-m-oo-s-t
you need,oo-n-e-d
you said,oo-s-e-d
you shall,oo-sh
you will have,oo-l-v
you should,oo-sh-d
you should be,oo-sh-b
you will,oo-l
you will be,oo-l-b
you would,oo-d
you would be,oo-d-b
you would have,oo-d-v
young,e-oo-ng
youth,e-oo-over_th
yours,oo-r-left_s
yourself,oo-r-left_s-e-l-f
zeal,left_s-e-l
